{
  "resourceType": "ConceptMap",
  "id": "cm-composition-status-v3",
  "meta": {
    "profile": [
      "http://hl7.org/fhir/StructureDefinition/shareableconceptmap"
    ]
  },
  "text": {
    "status": "extensions",
    "div": "\u003cdiv xmlns\u003d\"http://www.w3.org/1999/xhtml\"\u003e\u003ch2\u003eV3CompositionStatus (http://hl7.org/fhir/ConceptMap/cm-composition-status-v3)\u003c/h2\u003e\u003cp\u003eMapping from (not specified) to (not specified)\u003c/p\u003e\u003cp\u003eDRAFT. Published on 2020-12-24T21:13:15Z by HL7 (FHIR Project). \u003c/p\u003e\u003cdiv\u003e\u003cp\u003ev3 map for CompositionStatus\u003c/p\u003e\n\u003c/div\u003e\u003cbr/\u003e\u003cp\u003e\u003cb\u003eGroup 1\u003c/b\u003eMapping from \u003ca href\u003d\"codesystem-composition-status.html\"\u003eComposition Status\u003c/a\u003e to \u003ca href\u003d\"http://terminology.hl7.org/5.1.0/CodeSystem-v3-ActStatus.html\"\u003eActStatus\u003c/a\u003e\u003c/p\u003e\u003ctable class\u003d\"grid\"\u003e\u003ctr\u003e\u003ctd\u003e\u003cb\u003eSource Code\u003c/b\u003e\u003c/td\u003e\u003ctd\u003e\u003cb\u003eRelationship\u003c/b\u003e\u003c/td\u003e\u003ctd\u003e\u003cb\u003eTarget Code\u003c/b\u003e\u003c/td\u003e\u003c/tr\u003e\u003ctr\u003e\u003ctd\u003epreliminary\u003c/td\u003e\u003ctd\u003e\u003ca href\u003d\"codesystem-concept-map-relationship.html#equivalent\" title\u003d\"equivalent\"\u003eis equivalent to\u003c/a\u003e\u003c/td\u003e\u003ctd\u003eactive\u003c/td\u003e\u003c/tr\u003e\u003ctr\u003e\u003ctd\u003efinal\u003c/td\u003e\u003ctd\u003e\u003ca href\u003d\"codesystem-concept-map-relationship.html#source-is-narrower-than-target\" title\u003d\"source-is-narrower-than-target\"\u003eis narrower then\u003c/a\u003e\u003c/td\u003e\u003ctd\u003ecompleted\u003c/td\u003e\u003c/tr\u003e\u003ctr\u003e\u003ctd\u003eamended\u003c/td\u003e\u003ctd\u003e\u003ca href\u003d\"codesystem-concept-map-relationship.html#source-is-narrower-than-target\" title\u003d\"source-is-narrower-than-target\"\u003eis narrower then\u003c/a\u003e\u003c/td\u003e\u003ctd\u003ecompleted\u003c/td\u003e\u003c/tr\u003e\u003ctr\u003e\u003ctd\u003eentered-in-error\u003c/td\u003e\u003ctd\u003e\u003ca href\u003d\"codesystem-concept-map-relationship.html#equivalent\" title\u003d\"equivalent\"\u003eis equivalent to\u003c/a\u003e\u003c/td\u003e\u003ctd\u003enullified\u003c/td\u003e\u003c/tr\u003e\u003c/table\u003e\u003c/div\u003e"
  },
  "url": "http://hl7.org/fhir/ConceptMap/cm-composition-status-v3",
  "identifier": [
    {
      "system": "urn:ietf:rfc:3986",
      "value": "urn:oid:2.16.840.1.113883.4.642.14.9"
    }
  ],
  "version": "5.0.0",
  "name": "V3CompositionStatus",
  "title": "v3 map for CompositionStatus",
  "status": "draft",
  "experimental": false,
  "date": "2020-12-24T21:13:15+00:00",
  "publisher": "HL7 (FHIR Project)",
  "description": "v3 map for CompositionStatus",
  "jurisdiction": [
    {
      "coding": [
        {
          "system": "http://unstats.un.org/unsd/methods/m49/m49.htm",
          "code": "001",
          "display": "World"
        }
      ]
    }
  ],
  "group": [
    {
      "source": "http://hl7.org/fhir/composition-status",
      "target": "http://terminology.hl7.org/CodeSystem/v3-ActStatus",
      "element": [
        {
          "code": "preliminary",
          "target": [
            {
              "code": "active",
              "relationship": "equivalent"
            }
          ]
        },
        {
          "code": "final",
          "target": [
            {
              "code": "completed",
              "relationship": "source-is-narrower-than-target"
            }
          ]
        },
        {
          "code": "amended",
          "target": [
            {
              "code": "completed",
              "relationship": "source-is-narrower-than-target"
            }
          ]
        },
        {
          "code": "entered-in-error",
          "target": [
            {
              "code": "nullified",
              "relationship": "equivalent"
            }
          ]
        }
      ]
    }
  ]
}