{
  "resourceType": "CodeSystem",
  "id": "constraint-severity",
  "meta": {
    "lastUpdated": "2023-03-26T15:21:02.749+11:00"
  },
  "text": {
    "status": "generated",
    "div": "\u003cdiv xmlns\u003d\"http://www.w3.org/1999/xhtml\"\u003e\u003cp\u003eThis code system \u003ccode\u003ehttp://hl7.org/fhir/constraint-severity\u003c/code\u003e defines the following codes:\u003c/p\u003e\u003ctable class\u003d\"codes\"\u003e\u003ctr\u003e\u003ctd style\u003d\"white-space:nowrap\"\u003e\u003cb\u003eCode\u003c/b\u003e\u003c/td\u003e\u003ctd\u003e\u003cb\u003eDisplay\u003c/b\u003e\u003c/td\u003e\u003ctd\u003e\u003cb\u003eDefinition\u003c/b\u003e\u003c/td\u003e\u003c/tr\u003e\u003ctr\u003e\u003ctd style\u003d\"white-space:nowrap\"\u003eerror\u003ca name\u003d\"constraint-severity-error\"\u003e \u003c/a\u003e\u003c/td\u003e\u003ctd\u003eError\u003c/td\u003e\u003ctd\u003eIf the constraint is violated, the resource is not conformant.\u003c/td\u003e\u003c/tr\u003e\u003ctr\u003e\u003ctd style\u003d\"white-space:nowrap\"\u003ewarning\u003ca name\u003d\"constraint-severity-warning\"\u003e \u003c/a\u003e\u003c/td\u003e\u003ctd\u003eWarning\u003c/td\u003e\u003ctd\u003eIf the constraint is violated, the resource is conformant, but it is not necessarily following best practice.\u003c/td\u003e\u003c/tr\u003e\u003c/table\u003e\u003c/div\u003e"
  },
  "extension": [
    {
      "url": "http://hl7.org/fhir/StructureDefinition/structuredefinition-wg",
      "valueCode": "fhir"
    },
    {
      "url": "http://hl7.org/fhir/StructureDefinition/structuredefinition-standards-status",
      "valueCode": "normative"
    },
    {
      "url": "http://hl7.org/fhir/StructureDefinition/structuredefinition-normative-version",
      "valueCode": "4.0.0"
    },
    {
      "url": "http://hl7.org/fhir/StructureDefinition/structuredefinition-fmm",
      "valueInteger": 5
    }
  ],
  "url": "http://hl7.org/fhir/constraint-severity",
  "identifier": [
    {
      "system": "urn:ietf:rfc:3986",
      "value": "urn:oid:2.16.840.1.113883.4.642.1.82"
    }
  ],
  "version": "5.0.0",
  "name": "ConstraintSeverity",
  "title": "ConstraintSeverity",
  "status": "active",
  "experimental": false,
  "date": "2023-03-26T15:21:02+11:00",
  "publisher": "HL7 (FHIR Project)",
  "contact": [
    {
      "telecom": [
        {
          "system": "url",
          "value": "http://hl7.org/fhir"
        },
        {
          "system": "email",
          "value": "fhir@lists.hl7.org"
        }
      ]
    }
  ],
  "description": "SHALL applications comply with this constraint?",
  "jurisdiction": [
    {
      "coding": [
        {
          "system": "http://unstats.un.org/unsd/methods/m49/m49.htm",
          "code": "001",
          "display": "World"
        }
      ]
    }
  ],
  "caseSensitive": true,
  "valueSet": "http://hl7.org/fhir/ValueSet/constraint-severity",
  "content": "complete",
  "concept": [
    {
      "code": "error",
      "display": "Error",
      "definition": "If the constraint is violated, the resource is not conformant."
    },
    {
      "code": "warning",
      "display": "Warning",
      "definition": "If the constraint is violated, the resource is conformant, but it is not necessarily following best practice."
    }
  ]
}