{
  "resourceType": "CodeSystem",
  "id": "safety-entries",
  "meta": {
    "lastUpdated": "2023-03-26T15:21:02.749+11:00"
  },
  "text": {
    "status": "generated",
    "div": "\u003cdiv xmlns\u003d\"http://www.w3.org/1999/xhtml\"\u003e\u003cp\u003eThis code system \u003ccode\u003ehttp://hl7.org/fhir/safety-entries\u003c/code\u003e defines the following codes:\u003c/p\u003e\u003ctable class\u003d\"codes\"\u003e\u003ctr\u003e\u003ctd style\u003d\"white-space:nowrap\"\u003e\u003cb\u003eCode\u003c/b\u003e\u003c/td\u003e\u003ctd\u003e\u003cb\u003eDefinition\u003c/b\u003e\u003c/td\u003e\u003c/tr\u003e\u003ctr\u003e\u003ctd style\u003d\"white-space:nowrap\"\u003elife-cycle\u003ca name\u003d\"safety-entries-life-cycle\"\u003e \u003c/a\u003e\u003c/td\u003e\u003ctd\u003e\u003cdiv\u003e\u003cp\u003eFor each resource that my system handles, my system handles the full \u003ca href\u003d\"lifecycle.html\"\u003eLife cycle\u003c/a\u003e (status codes, currency issues, and erroneous entry status)\u003c/p\u003e\n\u003c/div\u003e\u003c/td\u003e\u003c/tr\u003e\u003ctr\u003e\u003ctd style\u003d\"white-space:nowrap\"\u003emodifiers\u003ca name\u003d\"safety-entries-modifiers\"\u003e \u003c/a\u003e\u003c/td\u003e\u003ctd\u003e\u003cdiv\u003e\u003cp\u003eFor each resource that my system handles, I\u0027ve reviewed the \u003ca href\u003d\"conformance-rules.html#isModifier\"\u003eModifier elements\u003c/a\u003e\u003c/p\u003e\n\u003c/div\u003e\u003c/td\u003e\u003c/tr\u003e\u003ctr\u003e\u003ctd style\u003d\"white-space:nowrap\"\u003emodifier-extensions\u003ca name\u003d\"safety-entries-modifier-extensions\"\u003e \u003c/a\u003e\u003c/td\u003e\u003ctd\u003e\u003cdiv\u003e\u003cp\u003eMy system checks for \u003ca href\u003d\"extensibility.html#modifierExtension\"\u003emodifierExtension\u003c/a\u003e elements\u003c/p\u003e\n\u003c/div\u003e\u003c/td\u003e\u003c/tr\u003e\u003ctr\u003e\u003ctd style\u003d\"white-space:nowrap\"\u003emust-support\u003ca name\u003d\"safety-entries-must-support\"\u003e \u003c/a\u003e\u003c/td\u003e\u003ctd\u003e\u003cdiv\u003e\u003cp\u003eMy system supports \u003ca href\u003d\"conformance-rules.html#mustSupport\"\u003eelements labeled as \u0027MustSupport\u0027\u003c/a\u003e in the \u003ca href\u003d\"profiling.html\"\u003eprofiles\u003c/a\u003e that apply to my system\u003c/p\u003e\n\u003c/div\u003e\u003c/td\u003e\u003c/tr\u003e\u003ctr\u003e\u003ctd style\u003d\"white-space:nowrap\"\u003eidentity\u003ca name\u003d\"safety-entries-identity\"\u003e \u003c/a\u003e\u003c/td\u003e\u003ctd\u003e\u003cdiv\u003e\u003cp\u003eMy system has documented how \u003ca href\u003d\"managing.html#distributed\"\u003edistributed resource identification\u003c/a\u003e works in its relevant contexts of use, and where (and why) \u003ca href\u003d\"references.html#contained\"\u003econtained\u003c/a\u003e resources are used\u003c/p\u003e\n\u003c/div\u003e\u003c/td\u003e\u003c/tr\u003e\u003ctr\u003e\u003ctd style\u003d\"white-space:nowrap\"\u003ecurrent\u003ca name\u003d\"safety-entries-current\"\u003e \u003c/a\u003e\u003c/td\u003e\u003ctd\u003e\u003cdiv\u003e\u003cp\u003eMy system manages lists of \u003ca href\u003d\"lifecycle.html#current\"\u003ecurrent resources\u003c/a\u003e correctly\u003c/p\u003e\n\u003c/div\u003e\u003c/td\u003e\u003c/tr\u003e\u003ctr\u003e\u003ctd style\u003d\"white-space:nowrap\"\u003eerror-checks\u003ca name\u003d\"safety-entries-error-checks\"\u003e \u003c/a\u003e\u003c/td\u003e\u003ctd\u003e\u003cdiv\u003e\u003cp\u003eWhen other systems \u003ca href\u003d\"http.html#summary\"\u003ereturn http errors from the RESTful API\u003c/a\u003e and \u003ca href\u003d\"operations.html\"\u003eOperations\u003c/a\u003e (perhaps using \u003ca href\u003d\"operationoutcome.html\"\u003eOperation Outcome\u003c/a\u003e), my system checks for them and handles them appropriately\u003c/p\u003e\n\u003c/div\u003e\u003c/td\u003e\u003c/tr\u003e\u003ctr\u003e\u003ctd style\u003d\"white-space:nowrap\"\u003elink-merge\u003ca name\u003d\"safety-entries-link-merge\"\u003e \u003c/a\u003e\u003c/td\u003e\u003ctd\u003e\u003cdiv\u003e\u003cp\u003eMy system ensures checks for patient links (and/or merges) and handles data that is linked to patients accordingly\u003c/p\u003e\n\u003c/div\u003e\u003c/td\u003e\u003c/tr\u003e\u003ctr\u003e\u003ctd style\u003d\"white-space:nowrap\"\u003ecs-declare\u003ca name\u003d\"safety-entries-cs-declare\"\u003e \u003c/a\u003e\u003c/td\u003e\u003ctd\u003e\u003cdiv\u003e\u003cp\u003eMy system publishes a \u003ca href\u003d\"capabilitystatement.html\"\u003eCapability Statement\u003c/a\u003e with \u003ca href\u003d\"structuredefinition.html\"\u003eStructureDefinitions\u003c/a\u003e, \u003ca href\u003d\"valueset.html\"\u003eValueSets\u003c/a\u003e, and \u003ca href\u003d\"operationdefinition.html\"\u003eOperationDefinitions\u003c/a\u003e, etc., so other implementers know how the system functions\u003c/p\u003e\n\u003c/div\u003e\u003c/td\u003e\u003c/tr\u003e\u003ctr\u003e\u003ctd style\u003d\"white-space:nowrap\"\u003evalid-checked\u003ca name\u003d\"safety-entries-valid-checked\"\u003e \u003c/a\u003e\u003c/td\u003e\u003ctd\u003e\u003cdiv\u003e\u003cp\u003eAll resources in use are \u003ca href\u003d\"validation.html\"\u003evalid\u003c/a\u003e against the base specification and the \u003ca href\u003d\"profiling.html\"\u003eprofiles\u003c/a\u003e that apply to my system (see note about the \u003ca href\u003d\"validation.html#correct-use\"\u003ecorrect run-time use of validation\u003c/a\u003e)\u003c/p\u003e\n\u003c/div\u003e\u003c/td\u003e\u003c/tr\u003e\u003ctr\u003e\u003ctd style\u003d\"white-space:nowrap\"\u003eobs-focus\u003ca name\u003d\"safety-entries-obs-focus\"\u003e \u003c/a\u003e\u003c/td\u003e\u003ctd\u003e\u003cdiv\u003e\u003cp\u003eI\u0027ve reviewed the \u003ca href\u003d\"observation.html\"\u003eObservation\u003c/a\u003e resource, and understand how \u003ccode\u003efocus\u003c/code\u003e is a mechanism for observations to be about someone or something other than the patient or subject of record.\u003c/p\u003e\n\u003c/div\u003e\u003c/td\u003e\u003c/tr\u003e\u003ctr\u003e\u003ctd style\u003d\"white-space:nowrap\"\u003etime-zone\u003ca name\u003d\"safety-entries-time-zone\"\u003e \u003c/a\u003e\u003c/td\u003e\u003ctd\u003e\u003cdiv\u003e\u003cp\u003eMy system checks for timezones and adjusts times appropriately. (note: timezones are extremely difficult to get correct - see \u003ca href\u003d\"https://www.w3.org/TR/timezone/\"\u003eW3C Timezone Advice\u003c/a\u003e, and note that some fields should be timezone corrected, and others should not be)\u003c/p\u003e\n\u003c/div\u003e\u003c/td\u003e\u003c/tr\u003e\u003ctr\u003e\u003ctd style\u003d\"white-space:nowrap\"\u003edate-rendering\u003ca name\u003d\"safety-entries-date-rendering\"\u003e \u003c/a\u003e\u003c/td\u003e\u003ctd\u003e\u003cdiv\u003e\u003cp\u003eMy system renders dates safely for changes in culture and language (the date formats D-M-Y and M-D-Y are not differentiated for many dates, and this is a well-known source of confusion. Systems should use the month name, or otherwise be specific for each date when rendering, unless there is solid confidence that such confusion cannot arise, even in the future when information/narrative from resources will be shared much more widely)\u003c/p\u003e\n\u003c/div\u003e\u003c/td\u003e\u003c/tr\u003e\u003ctr\u003e\u003ctd style\u003d\"white-space:nowrap\"\u003ecross-resource\u003ca name\u003d\"safety-entries-cross-resource\"\u003e \u003c/a\u003e\u003c/td\u003e\u003ctd\u003e\u003cdiv\u003e\u003cp\u003eMy system takes care to ensure that clients can (for servers) or will (for clients) find the information they need when content that might reasonably be exposed using more than one FHIR resource. Possible patterns: Support a single search across the applicable resources, or expose data through each applicable resource. See discussion on \u003ca href\u003d\"https://confluence.hl7.org/display/FHIR/Managing+Overlap+Between+Resources\"\u003eWiki Page\u003c/a\u003e for further information\u003c/p\u003e\n\u003c/div\u003e\u003c/td\u003e\u003c/tr\u003e\u003ctr\u003e\u003ctd style\u003d\"white-space:nowrap\"\u003edisplay-warnings\u003ca name\u003d\"safety-entries-display-warnings\"\u003e \u003c/a\u003e\u003c/td\u003e\u003ctd\u003e\u003cdiv\u003e\u003cp\u003eMy system will display warnings returned by the server to the user\u003c/p\u003e\n\u003c/div\u003e\u003c/td\u003e\u003c/tr\u003e\u003ctr\u003e\u003ctd style\u003d\"white-space:nowrap\"\u003esearch-parameters\u003ca name\u003d\"safety-entries-search-parameters\"\u003e \u003c/a\u003e\u003c/td\u003e\u003ctd\u003e\u003cdiv\u003e\u003cp\u003eMy system checks whether the server processed all the requested search parameter, and is safe if servers ignore parameters (typically, either filters locally or warns the user)\u003c/p\u003e\n\u003c/div\u003e\u003c/td\u003e\u003c/tr\u003e\u003ctr\u003e\u003ctd style\u003d\"white-space:nowrap\"\u003emissing-values\u003ca name\u003d\"safety-entries-missing-values\"\u003e \u003c/a\u003e\u003c/td\u003e\u003ctd\u003e\u003cdiv\u003e\u003cp\u003eMy system caters for \u003ca href\u003d\"search.html#missing\"\u003eparameters that have missing values\u003c/a\u003e when doing search operations, and responds correctly to the client with regard to \u003ca href\u003d\"search.html#errors\"\u003eerroneous search parameters\u003c/a\u003e\u003c/p\u003e\n\u003c/div\u003e\u003c/td\u003e\u003c/tr\u003e\u003ctr\u003e\u003ctd style\u003d\"white-space:nowrap\"\u003edefault-filters\u003ca name\u003d\"safety-entries-default-filters\"\u003e \u003c/a\u003e\u003c/td\u003e\u003ctd\u003e\u003cdiv\u003e\u003cp\u003eMy system includes appropriate default filters when searching based on patient context - e.g. filtering out entered-in-error records, filtering to only include active, living patients if appropriate, and clearly documents these (preferably including them in the self link for a search\u003c/p\u003e\n\u003c/div\u003e\u003c/td\u003e\u003c/tr\u003e\u003ctr\u003e\u003ctd style\u003d\"white-space:nowrap\"\u003edeletion-check\u003ca name\u003d\"safety-entries-deletion-check\"\u003e \u003c/a\u003e\u003c/td\u003e\u003ctd\u003e\u003cdiv\u003e\u003cp\u003eFor each resource, I have checked whether resources can be deleted, and/or how records are marked as incorrect/no longer relevant\u003c/p\u003e\n\u003c/div\u003e\u003c/td\u003e\u003c/tr\u003e\u003ctr\u003e\u003ctd style\u003d\"white-space:nowrap\"\u003edeletion-replication\u003ca name\u003d\"safety-entries-deletion-replication\"\u003e \u003c/a\u003e\u003c/td\u003e\u003ctd\u003e\u003cdiv\u003e\u003cp\u003eDeletion of records (or equivalent updates in status) flow through the system so any replicated copies are deleted/updated\u003c/p\u003e\n\u003c/div\u003e\u003c/td\u003e\u003c/tr\u003e\u003ctr\u003e\u003ctd style\u003d\"white-space:nowrap\"\u003edeletion-support\u003ca name\u003d\"safety-entries-deletion-support\"\u003e \u003c/a\u003e\u003c/td\u003e\u003ctd\u003e\u003cdiv\u003e\u003cp\u003e(If a server) my documentation about deleted resources is clear, and my test sandbox (if exists) has deleted/error record cases in the test data\u003c/p\u003e\n\u003c/div\u003e\u003c/td\u003e\u003c/tr\u003e\u003ctr\u003e\u003ctd style\u003d\"white-space:nowrap\"\u003echeck-consent\u003ca name\u003d\"safety-entries-check-consent\"\u003e \u003c/a\u003e\u003c/td\u003e\u003ctd\u003e\u003cdiv\u003e\u003cp\u003eMy system checks that the right \u003ca href\u003d\"consent.html\"\u003ePatient consent\u003c/a\u003e has been granted (where applicable)\u003c/p\u003e\n\u003c/div\u003e\u003c/td\u003e\u003c/tr\u003e\u003ctr\u003e\u003ctd style\u003d\"white-space:nowrap\"\u003edistribute-aod\u003ca name\u003d\"safety-entries-distribute-aod\"\u003e \u003c/a\u003e\u003c/td\u003e\u003ctd\u003e\u003cdiv\u003e\u003cp\u003eMy system sends an \u003ca href\u003d\"secpriv-module.html#AoD\"\u003eAccounting of Disclosure\u003c/a\u003e to the consenter as requested when permitted actions on resources are performed using an \u003ca href\u003d\"auditevent.html\"\u003eAuditEvent\u003c/a\u003e Resource\u003c/p\u003e\n\u003c/div\u003e\u003c/td\u003e\u003c/tr\u003e\u003ctr\u003e\u003ctd style\u003d\"white-space:nowrap\"\u003echeck-clocks\u003ca name\u003d\"safety-entries-check-clocks\"\u003e \u003c/a\u003e\u003c/td\u003e\u003ctd\u003e\u003cdiv\u003e\u003cp\u003eMy system ensures that system clocks are synchronized using a protocol like NTP or SNTP, or my server is robust against clients that have the wrong clock set\u003c/p\u003e\n\u003c/div\u003e\u003c/td\u003e\u003c/tr\u003e\u003ctr\u003e\u003ctd style\u003d\"white-space:nowrap\"\u003echeck-dns-responses\u003ca name\u003d\"safety-entries-check-dns-responses\"\u003e \u003c/a\u003e\u003c/td\u003e\u003ctd\u003e\u003cdiv\u003e\u003cp\u003eMy system uses security methods for an API to authenticate where Domain Name System (DNS) responses are coming from and ensure that they are valid\u003c/p\u003e\n\u003c/div\u003e\u003c/td\u003e\u003c/tr\u003e\u003ctr\u003e\u003ctd style\u003d\"white-space:nowrap\"\u003euse-encryption\u003ca name\u003d\"safety-entries-use-encryption\"\u003e \u003c/a\u003e\u003c/td\u003e\u003ctd\u003e\u003cdiv\u003e\u003cp\u003eProduction exchange of patient or other sensitive data will always use some form of \u003ca href\u003d\"security.html#http\"\u003eencryption on the wire\u003c/a\u003e\u003c/p\u003e\n\u003c/div\u003e\u003c/td\u003e\u003c/tr\u003e\u003ctr\u003e\u003ctd style\u003d\"white-space:nowrap\"\u003euse-tls\u003ca name\u003d\"safety-entries-use-tls\"\u003e \u003c/a\u003e\u003c/td\u003e\u003ctd\u003e\u003cdiv\u003e\u003cp\u003eWhere resources are exchanged using \u003ca href\u003d\"security.html#http\"\u003eHTTP\u003c/a\u003e, \u003ca href\u003d\"https://en.wikipedia.org/wiki/Transport_Layer_Security\"\u003eTLS\u003c/a\u003e should be utilized to protect the communications channel\u003c/p\u003e\n\u003c/div\u003e\u003c/td\u003e\u003c/tr\u003e\u003ctr\u003e\u003ctd style\u003d\"white-space:nowrap\"\u003euse-smime\u003ca name\u003d\"safety-entries-use-smime\"\u003e \u003c/a\u003e\u003c/td\u003e\u003ctd\u003e\u003cdiv\u003e\u003cp\u003eWhere resources are exchanged using email, \u003ca href\u003d\"https://en.wikipedia.org/wiki/S/MIME\"\u003eS/MIME\u003c/a\u003e should be used to protect the end-to-end communication\u003c/p\u003e\n\u003c/div\u003e\u003c/td\u003e\u003c/tr\u003e\u003ctr\u003e\u003ctd style\u003d\"white-space:nowrap\"\u003euse-tls-per-bcp195\u003ca name\u003d\"safety-entries-use-tls-per-bcp195\"\u003e \u003c/a\u003e\u003c/td\u003e\u003ctd\u003e\u003cdiv\u003e\u003cp\u003eProduction exchange should utilize recommendations for \u003ca href\u003d\"https://tools.ietf.org/html/bcp195\"\u003eBest-Current-Practice on TLS in BCP 195\u003c/a\u003e\u003c/p\u003e\n\u003c/div\u003e\u003c/td\u003e\u003c/tr\u003e\u003ctr\u003e\u003ctd style\u003d\"white-space:nowrap\"\u003euse-ouath\u003ca name\u003d\"safety-entries-use-ouath\"\u003e \u003c/a\u003e\u003c/td\u003e\u003ctd\u003e\u003cdiv\u003e\u003cp\u003eMy system utilizes a risk and use case \u003ca href\u003d\"security.html#oauth\"\u003eappropriate OAuth profile\u003c/a\u003e (preferably \u003ca href\u003d\"http://hl7.org/fhir/smart-app-launch\"\u003eSmart App Launch\u003c/a\u003e), with a \u003ca href\u003d\"security.html#authentication\"\u003eclear policy on authentication strength\u003c/a\u003e\u003c/p\u003e\n\u003c/div\u003e\u003c/td\u003e\u003c/tr\u003e\u003ctr\u003e\u003ctd style\u003d\"white-space:nowrap\"\u003euse-openidconnect\u003ca name\u003d\"safety-entries-use-openidconnect\"\u003e \u003c/a\u003e\u003c/td\u003e\u003ctd\u003e\u003cdiv\u003e\u003cp\u003eMy system uses \u003ca href\u003d\"https://openid.net/connect/\"\u003eOpenID Connect\u003c/a\u003e (or other suitable authentication protocol) to verify identity of end user, where it is necessary that end-users be identified to the client application, and has a clear policy on \u003ca href\u003d\"secpriv-module.html#user\"\u003eidentity proofing\u003c/a\u003e\u003c/p\u003e\n\u003c/div\u003e\u003c/td\u003e\u003c/tr\u003e\u003ctr\u003e\u003ctd style\u003d\"white-space:nowrap\"\u003euse-rbac\u003ca name\u003d\"safety-entries-use-rbac\"\u003e \u003c/a\u003e\u003c/td\u003e\u003ctd\u003e\u003cdiv\u003e\u003cp\u003eMy system applies appropriate access control to every request, using a combination of requester’s clearance (ABAC) and/or roles (RBAC)\u003c/p\u003e\n\u003c/div\u003e\u003c/td\u003e\u003c/tr\u003e\u003ctr\u003e\u003ctd style\u003d\"white-space:nowrap\"\u003euse-labels\u003ca name\u003d\"safety-entries-use-labels\"\u003e \u003c/a\u003e\u003c/td\u003e\u003ctd\u003e\u003cdiv\u003e\u003cp\u003eMy system considers \u003ca href\u003d\"security-labels.html\"\u003esecurity labels\u003c/a\u003e on the affected resources when making access control decisions\u003c/p\u003e\n\u003c/div\u003e\u003c/td\u003e\u003c/tr\u003e\u003ctr\u003e\u003ctd style\u003d\"white-space:nowrap\"\u003erender-narratives\u003ca name\u003d\"safety-entries-render-narratives\"\u003e \u003c/a\u003e\u003c/td\u003e\u003ctd\u003e\u003cdiv\u003e\u003cp\u003eMy system can \u003ca href\u003d\"narrative.html#css\"\u003erender narratives properly\u003c/a\u003e and \u003ca href\u003d\"security.html#narrative\"\u003esecurely\u003c/a\u003e(where they are used)\u003c/p\u003e\n\u003c/div\u003e\u003c/td\u003e\u003c/tr\u003e\u003ctr\u003e\u003ctd style\u003d\"white-space:nowrap\"\u003echeck\u003dvalidation\u003ca name\u003d\"safety-entries-check.61validation\"\u003e \u003c/a\u003e\u003c/td\u003e\u003ctd\u003e\u003cdiv\u003e\u003cp\u003eMy system \u003ca href\u003d\"validation.html\"\u003evalidates all input received\u003c/a\u003e (whether in resource format or other) from other actors so that it data is well-formed and does not contain content that would cause unwanted system behavior\u003c/p\u003e\n\u003c/div\u003e\u003c/td\u003e\u003c/tr\u003e\u003ctr\u003e\u003ctd style\u003d\"white-space:nowrap\"\u003euse-provenance\u003ca name\u003d\"safety-entries-use-provenance\"\u003e \u003c/a\u003e\u003c/td\u003e\u003ctd\u003e\u003cdiv\u003e\u003cp\u003eMy system makes the right \u003ca href\u003d\"provenance.html\"\u003eProvenance\u003c/a\u003e statements and \u003ca href\u003d\"auditevent.html\"\u003eAuditEvent\u003c/a\u003e logs, and uses the right \u003ca href\u003d\"security-labels.html#core\"\u003esecurity labels\u003c/a\u003e where appropriate\u003c/p\u003e\n\u003c/div\u003e\u003c/td\u003e\u003c/tr\u003e\u003ctr\u003e\u003ctd style\u003d\"white-space:nowrap\"\u003eenable-cors\u003ca name\u003d\"safety-entries-enable-cors\"\u003e \u003c/a\u003e\u003c/td\u003e\u003ctd\u003e\u003cdiv\u003e\u003cp\u003eServer: CORS (\u003ca href\u003d\"http://enable-cors.org/\"\u003ecross-origin resource sharing\u003c/a\u003e) is appropriately enabled (many clients are Javascript apps running in a browser)\u003c/p\u003e\n\u003c/div\u003e\u003c/td\u003e\u003c/tr\u003e\u003ctr\u003e\u003ctd style\u003d\"white-space:nowrap\"\u003euse-json\u003ca name\u003d\"safety-entries-use-json\"\u003e \u003c/a\u003e\u003c/td\u003e\u003ctd\u003e\u003cdiv\u003e\u003cp\u003eJSON is supported (many clients are Javascript apps running in a browser; XML is inconvenient at best)\u003c/p\u003e\n\u003c/div\u003e\u003c/td\u003e\u003c/tr\u003e\u003ctr\u003e\u003ctd style\u003d\"white-space:nowrap\"\u003ejson-for-errors\u003ca name\u003d\"safety-entries-json-for-errors\"\u003e \u003c/a\u003e\u003c/td\u003e\u003ctd\u003e\u003cdiv\u003e\u003cp\u003eJSON is returned correctly when errors happen (clients often don\u0027t handle HTML errors well)\u003c/p\u003e\n\u003c/div\u003e\u003c/td\u003e\u003c/tr\u003e\u003ctr\u003e\u003ctd style\u003d\"white-space:nowrap\"\u003euse-format-header\u003ca name\u003d\"safety-entries-use-format-header\"\u003e \u003c/a\u003e\u003c/td\u003e\u003ctd\u003e\u003cdiv\u003e\u003cp\u003eThe _format header is supported correctly\u003c/p\u003e\n\u003c/div\u003e\u003c/td\u003e\u003c/tr\u003e\u003ctr\u003e\u003ctd style\u003d\"white-space:nowrap\"\u003euse-operation-outcome\u003ca name\u003d\"safety-entries-use-operation-outcome\"\u003e \u003c/a\u003e\u003c/td\u003e\u003ctd\u003e\u003cdiv\u003e\u003cp\u003eErrors are trapped and an OperationOutcome returned\u003c/p\u003e\n\u003c/div\u003e\u003c/td\u003e\u003c/tr\u003e\u003c/table\u003e\u003c/div\u003e"
  },
  "extension": [
    {
      "url": "http://hl7.org/fhir/StructureDefinition/codesystem-use-markdown",
      "valueBoolean": true
    }
  ],
  "url": "http://hl7.org/fhir/safety-entries",
  "identifier": [
    {
      "system": "urn:ietf:rfc:3986",
      "value": "urn:oid:2.16.840.1.113883.4.642.4.1819"
    }
  ],
  "version": "5.0.0",
  "name": "FHIRSafetyCheckListEntries",
  "title": "FHIR Safety CheckList Entries",
  "status": "draft",
  "experimental": false,
  "publisher": "FHIR Project",
  "description": "The [checklist items](http://hl7.org/fhir/safety.html) defined as part of the FHIR specification.",
  "jurisdiction": [
    {
      "coding": [
        {
          "system": "http://unstats.un.org/unsd/methods/m49/m49.htm",
          "code": "001",
          "display": "World"
        }
      ]
    }
  ],
  "caseSensitive": true,
  "valueSet": "http://hl7.org/fhir/ValueSet/safety-entries",
  "hierarchyMeaning": "is-a",
  "content": "complete",
  "concept": [
    {
      "code": "life-cycle",
      "definition": "For each resource that my system handles, my system handles the full [Life cycle](lifecycle.html) (status codes, currency issues, and erroneous entry status)"
    },
    {
      "code": "modifiers",
      "definition": "For each resource that my system handles, I\u0027ve reviewed the [Modifier elements](conformance-rules.html#isModifier)"
    },
    {
      "code": "modifier-extensions",
      "definition": "My system checks for [modifierExtension](extensibility.html#modifierExtension) elements"
    },
    {
      "code": "must-support",
      "definition": "My system supports [elements labeled as \u0027MustSupport\u0027](conformance-rules.html#mustSupport) in the [profiles](profiling.html) that apply to my system"
    },
    {
      "code": "identity",
      "definition": "My system has documented how [distributed resource identification](managing.html#distributed) works in its relevant contexts of use, and where (and why) [contained](references.html#contained) resources are used"
    },
    {
      "code": "current",
      "definition": "My system manages lists of [current resources](lifecycle.html#current) correctly"
    },
    {
      "code": "error-checks",
      "definition": "When other systems [return http errors from the RESTful API](http.html#summary) and [Operations](operations.html) (perhaps using [Operation Outcome](operationoutcome.html)), my system checks for them and handles them appropriately"
    },
    {
      "code": "link-merge",
      "definition": "My system ensures checks for patient links (and/or merges) and handles data that is linked to patients accordingly"
    },
    {
      "code": "cs-declare",
      "definition": "My system publishes a [Capability Statement](capabilitystatement.html) with [StructureDefinitions](structuredefinition.html), [ValueSets](valueset.html), and [OperationDefinitions](operationdefinition.html), etc., so other implementers know how the system functions"
    },
    {
      "code": "valid-checked",
      "definition": "All resources in use are [valid](validation.html) against the base specification and the [profiles](profiling.html) that apply to my system (see note about the [correct run-time use of validation](validation.html#correct-use))"
    },
    {
      "code": "obs-focus",
      "definition": "I\u0027ve reviewed the [Observation](observation.html) resource, and understand how ```focus``` is a mechanism for observations to be about someone or something other than the patient or subject of record."
    },
    {
      "code": "time-zone",
      "definition": "My system checks for timezones and adjusts times appropriately. (note: timezones are extremely difficult to get correct - see [W3C Timezone Advice](https://www.w3.org/TR/timezone/), and note that some fields should be timezone corrected, and others should not be)"
    },
    {
      "code": "date-rendering",
      "definition": "My system renders dates safely for changes in culture and language (the date formats D-M-Y and M-D-Y are not differentiated for many dates, and this is a well-known source of confusion. Systems should use the month name, or otherwise be specific for each date when rendering, unless there is solid confidence that such confusion cannot arise, even in the future when information/narrative from resources will be shared much more widely)"
    },
    {
      "code": "cross-resource",
      "definition": "My system takes care to ensure that clients can (for servers) or will (for clients) find the information they need when content that might reasonably be exposed using more than one FHIR resource. Possible patterns: Support a single search across the applicable resources, or expose data through each applicable resource. See discussion on [Wiki Page](https://confluence.hl7.org/display/FHIR/Managing+Overlap+Between+Resources) for further information"
    },
    {
      "code": "display-warnings",
      "definition": "My system will display warnings returned by the server to the user"
    },
    {
      "code": "search-parameters",
      "definition": "My system checks whether the server processed all the requested search parameter, and is safe if servers ignore parameters (typically, either filters locally or warns the user)"
    },
    {
      "code": "missing-values",
      "definition": "My system caters for [parameters that have missing values](search.html#missing) when doing search operations, and responds correctly to the client with regard to [erroneous search parameters](search.html#errors)"
    },
    {
      "code": "default-filters",
      "definition": "My system includes appropriate default filters when searching based on patient context - e.g. filtering out entered-in-error records, filtering to only include active, living patients if appropriate, and clearly documents these (preferably including them in the self link for a search"
    },
    {
      "code": "deletion-check",
      "definition": "For each resource, I have checked whether resources can be deleted, and/or how records are marked as incorrect/no longer relevant"
    },
    {
      "code": "deletion-replication",
      "definition": "Deletion of records (or equivalent updates in status) flow through the system so any replicated copies are deleted/updated"
    },
    {
      "code": "deletion-support",
      "definition": "(If a server) my documentation about deleted resources is clear, and my test sandbox (if exists) has deleted/error record cases in the test data"
    },
    {
      "code": "check-consent",
      "definition": "My system checks that the right [Patient consent](consent.html) has been granted (where applicable)"
    },
    {
      "code": "distribute-aod",
      "definition": "My system sends an [Accounting of Disclosure](secpriv-module.html#AoD) to the consenter as requested when permitted actions on resources are performed using an [AuditEvent](auditevent.html) Resource"
    },
    {
      "code": "check-clocks",
      "definition": "My system ensures that system clocks are synchronized using a protocol like NTP or SNTP, or my server is robust against clients that have the wrong clock set"
    },
    {
      "code": "check-dns-responses",
      "definition": "My system uses security methods for an API to authenticate where Domain Name System (DNS) responses are coming from and ensure that they are valid"
    },
    {
      "code": "use-encryption",
      "definition": "Production exchange of patient or other sensitive data will always use some form of [encryption on the wire](security.html#http)"
    },
    {
      "code": "use-tls",
      "definition": "Where resources are exchanged using [HTTP](security.html#http), [TLS](https://en.wikipedia.org/wiki/Transport_Layer_Security) should be utilized to protect the communications channel"
    },
    {
      "code": "use-smime",
      "definition": "Where resources are exchanged using email, [S/MIME](https://en.wikipedia.org/wiki/S/MIME) should be used to protect the end-to-end communication"
    },
    {
      "code": "use-tls-per-bcp195",
      "definition": "Production exchange should utilize recommendations for [Best-Current-Practice on TLS in BCP 195](https://tools.ietf.org/html/bcp195)"
    },
    {
      "code": "use-ouath",
      "definition": "My system utilizes a risk and use case [appropriate OAuth profile](security.html#oauth) (preferably [Smart App Launch](http://hl7.org/fhir/smart-app-launch)), with a [clear policy on authentication strength](security.html#authentication)"
    },
    {
      "code": "use-openidconnect",
      "definition": "My system uses [OpenID Connect](https://openid.net/connect/) (or other suitable authentication protocol) to verify identity of end user, where it is necessary that end-users be identified to the client application, and has a clear policy on [identity proofing](secpriv-module.html#user)"
    },
    {
      "code": "use-rbac",
      "definition": "My system applies appropriate access control to every request, using a combination of requester’s clearance (ABAC) and/or roles (RBAC)"
    },
    {
      "code": "use-labels",
      "definition": "My system considers [security labels](security-labels.html) on the affected resources when making access control decisions"
    },
    {
      "code": "render-narratives",
      "definition": "My system can [render narratives properly](narrative.html#css) and [securely](security.html#narrative)(where they are used)"
    },
    {
      "code": "check\u003dvalidation",
      "definition": "My system [validates all input received](validation.html) (whether in resource format or other) from other actors so that it data is well-formed and does not contain content that would cause unwanted system behavior"
    },
    {
      "code": "use-provenance",
      "definition": "My system makes the right [Provenance](provenance.html) statements and [AuditEvent](auditevent.html) logs, and uses the right [security labels](security-labels.html#core) where appropriate"
    },
    {
      "code": "enable-cors",
      "definition": "Server: CORS ([cross-origin resource sharing](http://enable-cors.org/)) is appropriately enabled (many clients are Javascript apps running in a browser)"
    },
    {
      "code": "use-json",
      "definition": "JSON is supported (many clients are Javascript apps running in a browser; XML is inconvenient at best)"
    },
    {
      "code": "json-for-errors",
      "definition": "JSON is returned correctly when errors happen (clients often don\u0027t handle HTML errors well)"
    },
    {
      "code": "use-format-header",
      "definition": "The _format header is supported correctly"
    },
    {
      "code": "use-operation-outcome",
      "definition": "Errors are trapped and an OperationOutcome returned"
    }
  ]
}