{
  "resourceType": "CodeSystem",
  "id": "color-rgb",
  "meta": {
    "lastUpdated": "2023-03-26T15:21:02.749+11:00",
    "profile": [
      "http://hl7.org/fhir/StructureDefinition/shareablecodesystem"
    ]
  },
  "text": {
    "status": "generated",
    "div": "\u003cdiv xmlns\u003d\"http://www.w3.org/1999/xhtml\"\u003e\u003cp\u003eThis code system \u003ccode\u003ehttp://hl7.org/fhir/color-rgb\u003c/code\u003e defines many codes, but they are not represented here\u003c/p\u003e\u003c/div\u003e"
  },
  "extension": [
    {
      "url": "http://hl7.org/fhir/StructureDefinition/structuredefinition-wg",
      "valueCode": "fhir"
    }
  ],
  "url": "http://hl7.org/fhir/color-rgb",
  "identifier": [
    {
      "system": "urn:ietf:rfc:3986",
      "value": "urn:oid:2.16.840.1.113883.4.642.4.2121"
    }
  ],
  "version": "5.0.0",
  "name": "ColorRGB",
  "title": "RGB Values for Color",
  "status": "active",
  "experimental": false,
  "publisher": "FHIR Infrastructure",
  "contact": [
    {
      "telecom": [
        {
          "system": "url",
          "value": "http://hl7.org/fhir"
        }
      ]
    }
  ],
  "description": "RGB values for color. Valid codes are #RRGGBB where RR, GG, and BB are two letter hex codes, values 00..ff. codes are case insensitive. This code system does not define the 16million+ valid RGB codes (terminology servers will need code to support the RGB grammar).",
  "jurisdiction": [
    {
      "coding": [
        {
          "system": "http://unstats.un.org/unsd/methods/m49/m49.htm",
          "code": "001",
          "display": "World"
        }
      ]
    }
  ],
  "copyright": "[Copyright](https://www.w3.org/Consortium/Legal/ipr-notice) ©2022 World Wide Web Consortium. All Rights Reserved. This work is distributed under the [W3C® Software and Document License](https://www.w3.org/Consortium/Legal/copyright-software) in the hope that it will be useful, but WITHOUT ANY WARRANTY; without even the implied warranty of MERCHANTABILITY or FITNESS FOR A PARTICULAR PURPOSE.",
  "caseSensitive": false,
  "compositional": true,
  "content": "not-present"
}