{
  "resourceType": "CodeSystem",
  "id": "evidence-report-type",
  "meta": {
    "lastUpdated": "2023-03-26T15:21:02.749+11:00",
    "profile": [
      "http://hl7.org/fhir/StructureDefinition/shareablecodesystem"
    ]
  },
  "text": {
    "status": "generated",
    "div": "\u003cdiv xmlns\u003d\"http://www.w3.org/1999/xhtml\"\u003e\u003cp\u003eThis code system \u003ccode\u003ehttp://hl7.org/fhir/evidence-report-type\u003c/code\u003e defines the following codes:\u003c/p\u003e\u003ctable class\u003d\"codes\"\u003e\u003ctr\u003e\u003ctd style\u003d\"white-space:nowrap\"\u003e\u003cb\u003eCode\u003c/b\u003e\u003c/td\u003e\u003ctd\u003e\u003cb\u003eDisplay\u003c/b\u003e\u003c/td\u003e\u003ctd\u003e\u003cb\u003eDefinition\u003c/b\u003e\u003c/td\u003e\u003c/tr\u003e\u003ctr\u003e\u003ctd style\u003d\"white-space:nowrap\"\u003eclassification\u003ca name\u003d\"evidence-report-type-classification\"\u003e \u003c/a\u003e\u003c/td\u003e\u003ctd\u003eClassification\u003c/td\u003e\u003ctd\u003eThe report is primarily a listing of classifiers about the report subject.\u003c/td\u003e\u003c/tr\u003e\u003ctr\u003e\u003ctd style\u003d\"white-space:nowrap\"\u003esearch-results\u003ca name\u003d\"evidence-report-type-search-results\"\u003e \u003c/a\u003e\u003c/td\u003e\u003ctd\u003eSearch Results\u003c/td\u003e\u003ctd\u003eThe report is a composition of results generated in response to a search query.\u003c/td\u003e\u003c/tr\u003e\u003ctr\u003e\u003ctd style\u003d\"white-space:nowrap\"\u003eresources-compiled\u003ca name\u003d\"evidence-report-type-resources-compiled\"\u003e \u003c/a\u003e\u003c/td\u003e\u003ctd\u003eResource Compilation\u003c/td\u003e\u003ctd\u003eThe report is a composition containing one or more FHIR resources in the content.\u003c/td\u003e\u003c/tr\u003e\u003ctr\u003e\u003ctd style\u003d\"white-space:nowrap\"\u003etext-structured\u003ca name\u003d\"evidence-report-type-text-structured\"\u003e \u003c/a\u003e\u003c/td\u003e\u003ctd\u003eStructured Text\u003c/td\u003e\u003ctd\u003eThe report is a structured representation of text.\u003c/td\u003e\u003c/tr\u003e\u003c/table\u003e\u003c/div\u003e"
  },
  "extension": [
    {
      "url": "http://hl7.org/fhir/StructureDefinition/structuredefinition-wg",
      "valueCode": "cds"
    },
    {
      "url": "http://hl7.org/fhir/StructureDefinition/structuredefinition-standards-status",
      "valueCode": "draft"
    },
    {
      "url": "http://hl7.org/fhir/StructureDefinition/structuredefinition-fmm",
      "valueInteger": 1
    }
  ],
  "url": "http://hl7.org/fhir/evidence-report-type",
  "identifier": [
    {
      "system": "urn:ietf:rfc:3986",
      "value": "urn:oid:2.16.840.1.113883.4.642.4.1957"
    }
  ],
  "version": "5.0.0",
  "name": "EvidenceReportType",
  "title": "Evidence Report Type",
  "status": "active",
  "experimental": false,
  "date": "2020-12-28T16:55:11+11:00",
  "publisher": "HL7 (FHIR Project)",
  "contact": [
    {
      "telecom": [
        {
          "system": "url",
          "value": "http://hl7.org/fhir"
        },
        {
          "system": "email",
          "value": "fhir@lists.hl7.org"
        }
      ]
    }
  ],
  "description": "The kind of report, such as grouping of classifiers, search results, or human-compiled expression.",
  "jurisdiction": [
    {
      "coding": [
        {
          "system": "http://unstats.un.org/unsd/methods/m49/m49.htm",
          "code": "001",
          "display": "World"
        }
      ]
    }
  ],
  "caseSensitive": true,
  "valueSet": "http://hl7.org/fhir/ValueSet/evidence-report-type",
  "content": "complete",
  "concept": [
    {
      "code": "classification",
      "display": "Classification",
      "definition": "The report is primarily a listing of classifiers about the report subject."
    },
    {
      "code": "search-results",
      "display": "Search Results",
      "definition": "The report is a composition of results generated in response to a search query."
    },
    {
      "code": "resources-compiled",
      "display": "Resource Compilation",
      "definition": "The report is a composition containing one or more FHIR resources in the content."
    },
    {
      "code": "text-structured",
      "display": "Structured Text",
      "definition": "The report is a structured representation of text."
    }
  ]
}