{
  "resourceType": "CodeSystem",
  "id": "inventoryreport-status",
  "meta": {
    "lastUpdated": "2023-03-26T15:21:02.749+11:00",
    "profile": [
      "http://hl7.org/fhir/StructureDefinition/shareablecodesystem"
    ]
  },
  "text": {
    "status": "generated",
    "div": "\u003cdiv xmlns\u003d\"http://www.w3.org/1999/xhtml\"\u003e\u003cp\u003eThis code system \u003ccode\u003ehttp://hl7.org/fhir/inventoryreport-status\u003c/code\u003e defines the following codes:\u003c/p\u003e\u003ctable class\u003d\"codes\"\u003e\u003ctr\u003e\u003ctd style\u003d\"white-space:nowrap\"\u003e\u003cb\u003eCode\u003c/b\u003e\u003c/td\u003e\u003ctd\u003e\u003cb\u003eDisplay\u003c/b\u003e\u003c/td\u003e\u003ctd\u003e\u003cb\u003eDefinition\u003c/b\u003e\u003c/td\u003e\u003c/tr\u003e\u003ctr\u003e\u003ctd style\u003d\"white-space:nowrap\"\u003edraft\u003ca name\u003d\"inventoryreport-status-draft\"\u003e \u003c/a\u003e\u003c/td\u003e\u003ctd\u003eDraft\u003c/td\u003e\u003ctd\u003eThe existence of the report is registered, but it is still without content or only some preliminary content.\u003c/td\u003e\u003c/tr\u003e\u003ctr\u003e\u003ctd style\u003d\"white-space:nowrap\"\u003erequested\u003ca name\u003d\"inventoryreport-status-requested\"\u003e \u003c/a\u003e\u003c/td\u003e\u003ctd\u003eRequested\u003c/td\u003e\u003ctd\u003eThe inventory report has been requested but there is no data available.\u003c/td\u003e\u003c/tr\u003e\u003ctr\u003e\u003ctd style\u003d\"white-space:nowrap\"\u003eactive\u003ca name\u003d\"inventoryreport-status-active\"\u003e \u003c/a\u003e\u003c/td\u003e\u003ctd\u003eActive\u003c/td\u003e\u003ctd\u003eThis report is submitted as current.\u003c/td\u003e\u003c/tr\u003e\u003ctr\u003e\u003ctd style\u003d\"white-space:nowrap\"\u003eentered-in-error\u003ca name\u003d\"inventoryreport-status-entered-in-error\"\u003e \u003c/a\u003e\u003c/td\u003e\u003ctd\u003eEntered in Error\u003c/td\u003e\u003ctd\u003eThe report has been withdrawn following a previous final release.  This electronic record should never have existed, though it is possible that real-world decisions were based on it.\u003c/td\u003e\u003c/tr\u003e\u003c/table\u003e\u003c/div\u003e"
  },
  "extension": [
    {
      "url": "http://hl7.org/fhir/StructureDefinition/structuredefinition-wg",
      "valueCode": "oo"
    },
    {
      "url": "http://hl7.org/fhir/StructureDefinition/structuredefinition-standards-status",
      "valueCode": "trial-use"
    },
    {
      "url": "http://hl7.org/fhir/StructureDefinition/structuredefinition-fmm",
      "valueInteger": 0
    }
  ],
  "url": "http://hl7.org/fhir/inventoryreport-status",
  "identifier": [
    {
      "system": "urn:ietf:rfc:3986",
      "value": "urn:oid:2.16.840.1.113883.4.642.4.1927"
    }
  ],
  "version": "5.0.0",
  "name": "InventoryReportStatus",
  "title": "Inventory Report Status",
  "status": "active",
  "experimental": false,
  "date": "2021-01-05T10:01:24+11:00",
  "publisher": "HL7 (FHIR Project)",
  "contact": [
    {
      "telecom": [
        {
          "system": "url",
          "value": "http://hl7.org/fhir"
        },
        {
          "system": "email",
          "value": "fhir@lists.hl7.org"
        }
      ]
    }
  ],
  "description": "The status of the InventoryReport.",
  "jurisdiction": [
    {
      "coding": [
        {
          "system": "http://unstats.un.org/unsd/methods/m49/m49.htm",
          "code": "001",
          "display": "World"
        }
      ]
    }
  ],
  "caseSensitive": true,
  "valueSet": "http://hl7.org/fhir/ValueSet/inventoryreport-status",
  "content": "complete",
  "concept": [
    {
      "code": "draft",
      "display": "Draft",
      "definition": "The existence of the report is registered, but it is still without content or only some preliminary content."
    },
    {
      "code": "requested",
      "display": "Requested",
      "definition": "The inventory report has been requested but there is no data available."
    },
    {
      "code": "active",
      "display": "Active",
      "definition": "This report is submitted as current."
    },
    {
      "code": "entered-in-error",
      "display": "Entered in Error",
      "definition": "The report has been withdrawn following a previous final release.  This electronic record should never have existed, though it is possible that real-world decisions were based on it."
    }
  ]
}