{
  "resourceType": "CodeSystem",
  "id": "deviceusage-adherence-reason",
  "meta": {
    "lastUpdated": "2023-03-26T15:21:02.749+11:00",
    "profile": [
      "http://hl7.org/fhir/StructureDefinition/shareablecodesystem"
    ]
  },
  "text": {
    "status": "generated",
    "div": "\u003cdiv xmlns\u003d\"http://www.w3.org/1999/xhtml\"\u003e\u003cp\u003eThis code system \u003ccode\u003ehttp://hl7.org/fhir/deviceusage-adherence-reason\u003c/code\u003e defines the following codes:\u003c/p\u003e\u003ctable class\u003d\"codes\"\u003e\u003ctr\u003e\u003ctd style\u003d\"white-space:nowrap\"\u003e\u003cb\u003eCode\u003c/b\u003e\u003c/td\u003e\u003ctd\u003e\u003cb\u003eDisplay\u003c/b\u003e\u003c/td\u003e\u003ctd\u003e\u003cb\u003eDefinition\u003c/b\u003e\u003c/td\u003e\u003c/tr\u003e\u003ctr\u003e\u003ctd style\u003d\"white-space:nowrap\"\u003elost\u003ca name\u003d\"deviceusage-adherence-reason-lost\"\u003e \u003c/a\u003e\u003c/td\u003e\u003ctd\u003eLost\u003c/td\u003e\u003ctd\u003eThe device is lost.\u003c/td\u003e\u003c/tr\u003e\u003ctr\u003e\u003ctd style\u003d\"white-space:nowrap\"\u003estolen\u003ca name\u003d\"deviceusage-adherence-reason-stolen\"\u003e \u003c/a\u003e\u003c/td\u003e\u003ctd\u003eStolen\u003c/td\u003e\u003ctd\u003eThe device is stolen.\u003c/td\u003e\u003c/tr\u003e\u003ctr\u003e\u003ctd style\u003d\"white-space:nowrap\"\u003eprescribed\u003ca name\u003d\"deviceusage-adherence-reason-prescribed\"\u003e \u003c/a\u003e\u003c/td\u003e\u003ctd\u003ePrescribed\u003c/td\u003e\u003ctd\u003eThe device is prescribed.\u003c/td\u003e\u003c/tr\u003e\u003ctr\u003e\u003ctd style\u003d\"white-space:nowrap\"\u003ebroken\u003ca name\u003d\"deviceusage-adherence-reason-broken\"\u003e \u003c/a\u003e\u003c/td\u003e\u003ctd\u003eBroken\u003c/td\u003e\u003ctd\u003eThe device is broken.\u003c/td\u003e\u003c/tr\u003e\u003ctr\u003e\u003ctd style\u003d\"white-space:nowrap\"\u003eburned\u003ca name\u003d\"deviceusage-adherence-reason-burned\"\u003e \u003c/a\u003e\u003c/td\u003e\u003ctd\u003eBurned\u003c/td\u003e\u003ctd\u003eThe device is burned.\u003c/td\u003e\u003c/tr\u003e\u003ctr\u003e\u003ctd style\u003d\"white-space:nowrap\"\u003eforgot\u003ca name\u003d\"deviceusage-adherence-reason-forgot\"\u003e \u003c/a\u003e\u003c/td\u003e\u003ctd\u003eForgot\u003c/td\u003e\u003ctd\u003eThe device is forgotten.\u003c/td\u003e\u003c/tr\u003e\u003c/table\u003e\u003c/div\u003e"
  },
  "extension": [
    {
      "url": "http://hl7.org/fhir/StructureDefinition/structuredefinition-wg",
      "valueCode": "oo"
    },
    {
      "url": "http://hl7.org/fhir/StructureDefinition/structuredefinition-standards-status",
      "valueCode": "trial-use"
    },
    {
      "url": "http://hl7.org/fhir/StructureDefinition/structuredefinition-fmm",
      "valueInteger": 0
    }
  ],
  "url": "http://hl7.org/fhir/deviceusage-adherence-reason",
  "identifier": [
    {
      "system": "urn:ietf:rfc:3986",
      "value": "urn:oid:2.16.840.1.113883.4.642.4.1855"
    }
  ],
  "version": "5.0.0",
  "name": "DeviceUsageAdherenceReason",
  "title": "Device Usage Adherence Reason",
  "status": "active",
  "experimental": false,
  "date": "2021-01-05T10:01:24+11:00",
  "publisher": "HL7 (FHIR Project)",
  "contact": [
    {
      "telecom": [
        {
          "system": "url",
          "value": "http://hl7.org/fhir"
        },
        {
          "system": "email",
          "value": "fhir@lists.hl7.org"
        }
      ]
    }
  ],
  "description": "A coded concept indicating the reason for the usage of the device.",
  "jurisdiction": [
    {
      "coding": [
        {
          "system": "http://unstats.un.org/unsd/methods/m49/m49.htm",
          "code": "001",
          "display": "World"
        }
      ]
    }
  ],
  "caseSensitive": true,
  "valueSet": "http://hl7.org/fhir/ValueSet/deviceusage-adherence-reason",
  "content": "complete",
  "concept": [
    {
      "code": "lost",
      "display": "Lost",
      "definition": "The device is lost."
    },
    {
      "code": "stolen",
      "display": "Stolen",
      "definition": "The device is stolen."
    },
    {
      "code": "prescribed",
      "display": "Prescribed",
      "definition": "The device is prescribed."
    },
    {
      "code": "broken",
      "display": "Broken",
      "definition": "The device is broken."
    },
    {
      "code": "burned",
      "display": "Burned",
      "definition": "The device is burned."
    },
    {
      "code": "forgot",
      "display": "Forgot",
      "definition": "The device is forgotten."
    }
  ]
}