{
  "resourceType": "CodeSystem",
  "id": "certainty-type",
  "meta": {
    "lastUpdated": "2023-03-26T15:21:02.749+11:00",
    "profile": [
      "http://hl7.org/fhir/StructureDefinition/shareablecodesystem"
    ]
  },
  "text": {
    "status": "generated",
    "div": "\u003cdiv xmlns\u003d\"http://www.w3.org/1999/xhtml\"\u003e\u003cp\u003eThis code system \u003ccode\u003ehttp://hl7.org/fhir/certainty-type\u003c/code\u003e defines the following codes:\u003c/p\u003e\u003ctable class\u003d\"codes\"\u003e\u003ctr\u003e\u003ctd style\u003d\"white-space:nowrap\"\u003e\u003cb\u003eCode\u003c/b\u003e\u003c/td\u003e\u003ctd\u003e\u003cb\u003eDisplay\u003c/b\u003e\u003c/td\u003e\u003ctd\u003e\u003cb\u003eDefinition\u003c/b\u003e\u003c/td\u003e\u003c/tr\u003e\u003ctr\u003e\u003ctd style\u003d\"white-space:nowrap\"\u003eOverall\u003ca name\u003d\"certainty-type-Overall\"\u003e \u003c/a\u003e\u003c/td\u003e\u003ctd\u003eOverall certainty\u003c/td\u003e\u003ctd\u003eOverall certainty of evidence (quality of evidence).\u003c/td\u003e\u003c/tr\u003e\u003ctr\u003e\u003ctd style\u003d\"white-space:nowrap\"\u003eRiskOfBias\u003ca name\u003d\"certainty-type-RiskOfBias\"\u003e \u003c/a\u003e\u003c/td\u003e\u003ctd\u003eRisk of bias\u003c/td\u003e\u003ctd\u003emethodologic concerns reducing internal validity.\u003c/td\u003e\u003c/tr\u003e\u003ctr\u003e\u003ctd style\u003d\"white-space:nowrap\"\u003eInconsistency\u003ca name\u003d\"certainty-type-Inconsistency\"\u003e \u003c/a\u003e\u003c/td\u003e\u003ctd\u003eInconsistency\u003c/td\u003e\u003ctd\u003econcerns that findings are not similar enough to support certainty.\u003c/td\u003e\u003c/tr\u003e\u003ctr\u003e\u003ctd style\u003d\"white-space:nowrap\"\u003eIndirectness\u003ca name\u003d\"certainty-type-Indirectness\"\u003e \u003c/a\u003e\u003c/td\u003e\u003ctd\u003eIndirectness\u003c/td\u003e\u003ctd\u003econcerns reducing external validity.\u003c/td\u003e\u003c/tr\u003e\u003ctr\u003e\u003ctd style\u003d\"white-space:nowrap\"\u003eImprecision\u003ca name\u003d\"certainty-type-Imprecision\"\u003e \u003c/a\u003e\u003c/td\u003e\u003ctd\u003eImprecision\u003c/td\u003e\u003ctd\u003efuzzy or wide variability.\u003c/td\u003e\u003c/tr\u003e\u003ctr\u003e\u003ctd style\u003d\"white-space:nowrap\"\u003ePublicationBias\u003ca name\u003d\"certainty-type-PublicationBias\"\u003e \u003c/a\u003e\u003c/td\u003e\u003ctd\u003ePublication bias\u003c/td\u003e\u003ctd\u003elikelihood that what is published misrepresents what is available to publish.\u003c/td\u003e\u003c/tr\u003e\u003ctr\u003e\u003ctd style\u003d\"white-space:nowrap\"\u003eDoseResponseGradient\u003ca name\u003d\"certainty-type-DoseResponseGradient\"\u003e \u003c/a\u003e\u003c/td\u003e\u003ctd\u003eDose response gradient\u003c/td\u003e\u003ctd\u003ehigher certainty due to dose response relationship.\u003c/td\u003e\u003c/tr\u003e\u003ctr\u003e\u003ctd style\u003d\"white-space:nowrap\"\u003ePlausibleConfounding\u003ca name\u003d\"certainty-type-PlausibleConfounding\"\u003e \u003c/a\u003e\u003c/td\u003e\u003ctd\u003ePlausible confounding\u003c/td\u003e\u003ctd\u003ehigher certainty due to risk of bias in opposite direction.\u003c/td\u003e\u003c/tr\u003e\u003ctr\u003e\u003ctd style\u003d\"white-space:nowrap\"\u003eLargeEffect\u003ca name\u003d\"certainty-type-LargeEffect\"\u003e \u003c/a\u003e\u003c/td\u003e\u003ctd\u003eLarge effect\u003c/td\u003e\u003ctd\u003ehigher certainty due to large effect size.\u003c/td\u003e\u003c/tr\u003e\u003c/table\u003e\u003c/div\u003e"
  },
  "extension": [
    {
      "url": "http://hl7.org/fhir/StructureDefinition/structuredefinition-wg",
      "valueCode": "cds"
    },
    {
      "url": "http://hl7.org/fhir/StructureDefinition/structuredefinition-standards-status",
      "valueCode": "trial-use"
    },
    {
      "url": "http://hl7.org/fhir/StructureDefinition/structuredefinition-fmm",
      "valueInteger": 1
    }
  ],
  "url": "http://hl7.org/fhir/certainty-type",
  "identifier": [
    {
      "system": "urn:ietf:rfc:3986",
      "value": "urn:oid:2.16.840.1.113883.4.642.4.1939"
    }
  ],
  "version": "5.0.0",
  "name": "EvidenceCertaintyType",
  "title": "Evidence Certainty Type",
  "status": "active",
  "experimental": false,
  "date": "2020-12-28T16:55:11+11:00",
  "publisher": "HL7 (FHIR Project)",
  "contact": [
    {
      "telecom": [
        {
          "system": "url",
          "value": "http://hl7.org/fhir"
        },
        {
          "system": "email",
          "value": "fhir@lists.hl7.org"
        }
      ]
    }
  ],
  "description": "The aspect of quality, confidence, or certainty.",
  "jurisdiction": [
    {
      "coding": [
        {
          "system": "http://unstats.un.org/unsd/methods/m49/m49.htm",
          "code": "001",
          "display": "World"
        }
      ]
    }
  ],
  "caseSensitive": true,
  "valueSet": "http://hl7.org/fhir/ValueSet/certainty-type",
  "content": "complete",
  "concept": [
    {
      "code": "Overall",
      "display": "Overall certainty",
      "definition": "Overall certainty of evidence (quality of evidence)."
    },
    {
      "code": "RiskOfBias",
      "display": "Risk of bias",
      "definition": "methodologic concerns reducing internal validity."
    },
    {
      "code": "Inconsistency",
      "display": "Inconsistency",
      "definition": "concerns that findings are not similar enough to support certainty."
    },
    {
      "code": "Indirectness",
      "display": "Indirectness",
      "definition": "concerns reducing external validity."
    },
    {
      "code": "Imprecision",
      "display": "Imprecision",
      "definition": "fuzzy or wide variability."
    },
    {
      "code": "PublicationBias",
      "display": "Publication bias",
      "definition": "likelihood that what is published misrepresents what is available to publish."
    },
    {
      "code": "DoseResponseGradient",
      "display": "Dose response gradient",
      "definition": "higher certainty due to dose response relationship."
    },
    {
      "code": "PlausibleConfounding",
      "display": "Plausible confounding",
      "definition": "higher certainty due to risk of bias in opposite direction."
    },
    {
      "code": "LargeEffect",
      "display": "Large effect",
      "definition": "higher certainty due to large effect size."
    }
  ]
}