{
  "resourceType": "Device",
  "id": "NoninBlePulseOx",
  "text": {
    "status": "generated",
    "div": "\u003cdiv xmlns\u003d\"http://www.w3.org/1999/xhtml\"\u003e\u003cp\u003e\u003cb\u003eGenerated Narrative: Device\u003c/b\u003e\u003ca name\u003d\"NoninBlePulseOx\"\u003e \u003c/a\u003e\u003c/p\u003e\u003cdiv style\u003d\"display: inline-block; background-color: #d9e0e7; padding: 6px; margin: 4px; border: 1px solid #8da1b4; border-radius: 5px; line-height: 60%\"\u003e\u003cp style\u003d\"margin-bottom: 0px\"\u003eResource Device \u0026quot;NoninBlePulseOx\u0026quot; \u003c/p\u003e\u003c/div\u003e\u003cp\u003e\u003cb\u003eidentifier\u003c/b\u003e: System Identifier: 74-E8-FF-FE-FF-05-1C-00, Bluetooth Address: 00-1C-05-FF-E8-74\u003c/p\u003e\u003ch3\u003eUdiCarriers\u003c/h3\u003e\u003ctable class\u003d\"grid\"\u003e\u003ctr\u003e\u003ctd\u003e-\u003c/td\u003e\u003ctd\u003e\u003cb\u003eDeviceIdentifier\u003c/b\u003e\u003c/td\u003e\u003ctd\u003e\u003cb\u003eIssuer\u003c/b\u003e\u003c/td\u003e\u003ctd\u003e\u003cb\u003eJurisdiction\u003c/b\u003e\u003c/td\u003e\u003ctd\u003e\u003cb\u003eCarrierHRF\u003c/b\u003e\u003c/td\u003e\u003ctd\u003e\u003cb\u003eEntryType\u003c/b\u003e\u003c/td\u003e\u003c/tr\u003e\u003ctr\u003e\u003ctd\u003e*\u003c/td\u003e\u003ctd\u003e120359741556\u003c/td\u003e\u003ctd\u003e\u003ca href\u003d\"http://hl7.org/fhir/NamingSystem/gs1-di\"\u003ehttp://hl7.org/fhir/NamingSystem/gs1-di\u003c/a\u003e\u003c/td\u003e\u003ctd\u003e\u003ca href\u003d\"http://hl7.org/fhir/NamingSystem/fda-udi\"\u003ehttp://hl7.org/fhir/NamingSystem/fda-udi\u003c/a\u003e\u003c/td\u003e\u003ctd\u003e(01)120359741556(21)501900083\u003c/td\u003e\u003ctd\u003eunknown\u003c/td\u003e\u003c/tr\u003e\u003c/table\u003e\u003cp\u003e\u003cb\u003emanufacturer\u003c/b\u003e: Nonin_Medical_Inc.\u003c/p\u003e\u003cp\u003e\u003cb\u003eserialNumber\u003c/b\u003e: 501900083\u003c/p\u003e\u003ch3\u003eNames\u003c/h3\u003e\u003ctable class\u003d\"grid\"\u003e\u003ctr\u003e\u003ctd\u003e-\u003c/td\u003e\u003ctd\u003e\u003cb\u003eValue\u003c/b\u003e\u003c/td\u003e\u003ctd\u003e\u003cb\u003eType\u003c/b\u003e\u003c/td\u003e\u003c/tr\u003e\u003ctr\u003e\u003ctd\u003e*\u003c/td\u003e\u003ctd\u003eNonin3230_501900083\u003c/td\u003e\u003ctd\u003euser-friendly-name\u003c/td\u003e\u003c/tr\u003e\u003c/table\u003e\u003cp\u003e\u003cb\u003emodelNumber\u003c/b\u003e: Model 3230\u003c/p\u003e\u003cp\u003e\u003cb\u003etype\u003c/b\u003e: MDC_MOC_VMS_MDS_SIMP: Personal Health Device \u003cspan style\u003d\"background: LightGoldenRodYellow; margin: 4px; border: 1px solid khaki\"\u003e (\u003ca href\u003d\"http://terminology.hl7.org/5.1.0/CodeSystem-v3-mdc.html\"\u003eISO 11073-10101 Health informatics - Point-of-care\u003c/a\u003e#65573 \u0026quot;MDC_MOC_VMS_MDS_SIMP\u0026quot;)\u003c/span\u003e\u003c/p\u003e\u003cblockquote\u003e\u003cp\u003e\u003cb\u003eversion\u003c/b\u003e\u003c/p\u003e\u003cp\u003e\u003cb\u003etype\u003c/b\u003e: MDC_ID_PROD_SPEC_FW: Firmware revision \u003cspan style\u003d\"background: LightGoldenRodYellow; margin: 4px; border: 1px solid khaki\"\u003e (\u003ca href\u003d\"http://terminology.hl7.org/5.1.0/CodeSystem-v3-mdc.html\"\u003eISO 11073-10101 Health informatics - Point-of-care\u003c/a\u003e#531976)\u003c/span\u003e\u003c/p\u003e\u003cp\u003e\u003cb\u003evalue\u003c/b\u003e: r2.1\u003c/p\u003e\u003c/blockquote\u003e\u003cblockquote\u003e\u003cp\u003e\u003cb\u003eversion\u003c/b\u003e\u003c/p\u003e\u003cp\u003e\u003cb\u003etype\u003c/b\u003e: MDC_ID_PROD_SPEC_SW: Software revision \u003cspan style\u003d\"background: LightGoldenRodYellow; margin: 4px; border: 1px solid khaki\"\u003e (\u003ca href\u003d\"http://terminology.hl7.org/5.1.0/CodeSystem-v3-mdc.html\"\u003eISO 11073-10101 Health informatics - Point-of-care\u003c/a\u003e#531975)\u003c/span\u003e\u003c/p\u003e\u003cp\u003e\u003cb\u003evalue\u003c/b\u003e: r1.5 9.7\u003c/p\u003e\u003c/blockquote\u003e\u003cblockquote\u003e\u003cp\u003e\u003cb\u003eversion\u003c/b\u003e\u003c/p\u003e\u003cp\u003e\u003cb\u003etype\u003c/b\u003e: MDC_ID_PROD_SPEC_HW: Hardware revision \u003cspan style\u003d\"background: LightGoldenRodYellow; margin: 4px; border: 1px solid khaki\"\u003e (\u003ca href\u003d\"http://terminology.hl7.org/5.1.0/CodeSystem-v3-mdc.html\"\u003eISO 11073-10101 Health informatics - Point-of-care\u003c/a\u003e#531974)\u003c/span\u003e\u003c/p\u003e\u003cp\u003e\u003cb\u003evalue\u003c/b\u003e: r1.0\u003c/p\u003e\u003c/blockquote\u003e\u003cblockquote\u003e\u003cp\u003e\u003cb\u003eversion\u003c/b\u003e\u003c/p\u003e\u003cp\u003e\u003cb\u003etype\u003c/b\u003e: MDC_REG_CERT_DATA_CONTINUA_VERSION: Continua version \u003cspan style\u003d\"background: LightGoldenRodYellow; margin: 4px; border: 1px solid khaki\"\u003e (\u003ca href\u003d\"http://terminology.hl7.org/5.1.0/CodeSystem-v3-mdc.html\"\u003eISO 11073-10101 Health informatics - Point-of-care\u003c/a\u003e#532352)\u003c/span\u003e\u003c/p\u003e\u003cp\u003e\u003cb\u003evalue\u003c/b\u003e: 6.0\u003c/p\u003e\u003c/blockquote\u003e\u003ch3\u003eConformsTos\u003c/h3\u003e\u003ctable class\u003d\"grid\"\u003e\u003ctr\u003e\u003ctd\u003e-\u003c/td\u003e\u003ctd\u003e\u003cb\u003eSpecification\u003c/b\u003e\u003c/td\u003e\u003ctd\u003e\u003cb\u003eVersion\u003c/b\u003e\u003c/td\u003e\u003c/tr\u003e\u003ctr\u003e\u003ctd\u003e*\u003c/td\u003e\u003ctd\u003eMDC_DEV_SPEC_PROFILE_PULS_OXIM: Pulse Oximeter \u003cspan style\u003d\"background: LightGoldenRodYellow; margin: 4px; border: 1px solid khaki\"\u003e (\u003ca href\u003d\"http://terminology.hl7.org/5.1.0/CodeSystem-v3-mdc.html\"\u003eISO 11073-10101 Health informatics - Point-of-care\u003c/a\u003e#528388)\u003c/span\u003e\u003c/td\u003e\u003ctd\u003e1\u003c/td\u003e\u003c/tr\u003e\u003c/table\u003e\u003cblockquote\u003e\u003cp\u003e\u003cb\u003eproperty\u003c/b\u003e\u003c/p\u003e\u003cp\u003e\u003cb\u003etype\u003c/b\u003e: MDC_REG_CERT_DATA_CONTINUA_CERT_DEV_LIST: Continua certified device list \u003cspan style\u003d\"background: LightGoldenRodYellow; margin: 4px; border: 1px solid khaki\"\u003e (\u003ca href\u003d\"http://terminology.hl7.org/5.1.0/CodeSystem-v3-mdc.html\"\u003eISO 11073-10101 Health informatics - Point-of-care\u003c/a\u003e#532353)\u003c/span\u003e\u003c/p\u003e\u003cp\u003e\u003cb\u003evalue\u003c/b\u003e: 4 \u003cspan style\u003d\"background: LightGoldenRodYellow; margin: 4px; border: 1px solid khaki\"\u003e (ContinuaPAN#4)\u003c/span\u003e\u003c/p\u003e\u003c/blockquote\u003e\u003cblockquote\u003e\u003cp\u003e\u003cb\u003eproperty\u003c/b\u003e\u003c/p\u003e\u003cp\u003e\u003cb\u003etype\u003c/b\u003e: regulation-status \u003cspan style\u003d\"background: LightGoldenRodYellow; margin: 4px; border: 1px solid khaki\"\u003e (ASN1ToHL7#532354.0)\u003c/span\u003e\u003c/p\u003e\u003cp\u003e\u003cb\u003evalue\u003c/b\u003e: Device is Regulated \u003cspan style\u003d\"background: LightGoldenRodYellow; margin: 4px; border: 1px solid khaki\"\u003e (v2-0136#N)\u003c/span\u003e\u003c/p\u003e\u003c/blockquote\u003e\u003cblockquote\u003e\u003cp\u003e\u003cb\u003eproperty\u003c/b\u003e\u003c/p\u003e\u003cp\u003e\u003cb\u003etype\u003c/b\u003e: MDC_TIME_SYNC_PROTOCOL: Time synchronization protocol \u003cspan style\u003d\"background: LightGoldenRodYellow; margin: 4px; border: 1px solid khaki\"\u003e (\u003ca href\u003d\"http://terminology.hl7.org/5.1.0/CodeSystem-v3-mdc.html\"\u003eISO 11073-10101 Health informatics - Point-of-care\u003c/a\u003e#68220)\u003c/span\u003e\u003c/p\u003e\u003cp\u003e\u003cb\u003evalue\u003c/b\u003e: MDC_TIME_SYNC_NONE: No time synchronization \u003cspan style\u003d\"background: LightGoldenRodYellow; margin: 4px; border: 1px solid khaki\"\u003e (\u003ca href\u003d\"http://terminology.hl7.org/5.1.0/CodeSystem-v3-mdc.html\"\u003eISO 11073-10101 Health informatics - Point-of-care\u003c/a\u003e#532224)\u003c/span\u003e\u003c/p\u003e\u003c/blockquote\u003e\u003cblockquote\u003e\u003cp\u003e\u003cb\u003eproperty\u003c/b\u003e\u003c/p\u003e\u003cp\u003e\u003cb\u003etype\u003c/b\u003e: mds-time-capab-real-time-clock \u003cspan style\u003d\"background: LightGoldenRodYellow; margin: 4px; border: 1px solid khaki\"\u003e (ASN1ToHL7#68219.0)\u003c/span\u003e\u003c/p\u003e\u003cp\u003e\u003cb\u003evalue\u003c/b\u003e: real time clock supported \u003cspan style\u003d\"background: LightGoldenRodYellow; margin: 4px; border: 1px solid khaki\"\u003e (v2-0136#Y)\u003c/span\u003e\u003c/p\u003e\u003c/blockquote\u003e\u003cblockquote\u003e\u003cp\u003e\u003cb\u003eproperty\u003c/b\u003e\u003c/p\u003e\u003cp\u003e\u003cb\u003etype\u003c/b\u003e: mds-time-capab-set-clock \u003cspan style\u003d\"background: LightGoldenRodYellow; margin: 4px; border: 1px solid khaki\"\u003e (ASN1ToHL7#68219.1)\u003c/span\u003e\u003c/p\u003e\u003cp\u003e\u003cb\u003evalue\u003c/b\u003e: setting the time supported \u003cspan style\u003d\"background: LightGoldenRodYellow; margin: 4px; border: 1px solid khaki\"\u003e (v2-0136#Y)\u003c/span\u003e\u003c/p\u003e\u003c/blockquote\u003e\u003c/div\u003e"
  },
  "identifier": [
    {
      "type": {
        "coding": [
          {
            "system": "http://terminology.hl7.org/CodeSystem/ContinuaDeviceIdentifiers",
            "code": "SYSID",
            "display": "System Identifier"
          }
        ]
      },
      "system": "urn:oid:1.2.840.10004.1.1.1.0.0.1.0.0.1.2680",
      "value": "74-E8-FF-FE-FF-05-1C-00"
    },
    {
      "type": {
        "coding": [
          {
            "system": "http://terminology.hl7.org/CodeSystem/ContinuaDeviceIdentifiers",
            "code": "BTMAC",
            "display": "Bluetooth Address"
          }
        ]
      },
      "system": "http://hl7.org/fhir/sid/eui-48",
      "value": "00-1C-05-FF-E8-74"
    }
  ],
  "udiCarrier": [
    {
      "deviceIdentifier": "120359741556",
      "issuer": "http://hl7.org/fhir/NamingSystem/gs1-di",
      "jurisdiction": "http://hl7.org/fhir/NamingSystem/fda-udi",
      "carrierHRF": "(01)120359741556(21)501900083",
      "entryType": "unknown"
    }
  ],
  "manufacturer": "Nonin_Medical_Inc.",
  "serialNumber": "501900083",
  "name": [
    {
      "value": "Nonin3230_501900083",
      "type": "user-friendly-name"
    }
  ],
  "modelNumber": "Model 3230",
  "type": [
    {
      "coding": [
        {
          "system": "urn:iso:std:iso:11073:10101",
          "code": "65573",
          "display": "MDC_MOC_VMS_MDS_SIMP"
        }
      ],
      "text": "MDC_MOC_VMS_MDS_SIMP: Personal Health Device"
    }
  ],
  "version": [
    {
      "type": {
        "coding": [
          {
            "system": "urn:iso:std:iso:11073:10101",
            "code": "531976"
          }
        ],
        "text": "MDC_ID_PROD_SPEC_FW: Firmware revision"
      },
      "value": "r2.1"
    },
    {
      "type": {
        "coding": [
          {
            "system": "urn:iso:std:iso:11073:10101",
            "code": "531975"
          }
        ],
        "text": "MDC_ID_PROD_SPEC_SW: Software revision"
      },
      "value": "r1.5 9.7"
    },
    {
      "type": {
        "coding": [
          {
            "system": "urn:iso:std:iso:11073:10101",
            "code": "531974"
          }
        ],
        "text": "MDC_ID_PROD_SPEC_HW: Hardware revision"
      },
      "value": "r1.0"
    },
    {
      "type": {
        "coding": [
          {
            "system": "urn:iso:std:iso:11073:10101",
            "code": "532352"
          }
        ],
        "text": "MDC_REG_CERT_DATA_CONTINUA_VERSION: Continua version"
      },
      "value": "6.0"
    }
  ],
  "conformsTo": [
    {
      "specification": {
        "coding": [
          {
            "system": "urn:iso:std:iso:11073:10101",
            "code": "528388"
          }
        ],
        "text": "MDC_DEV_SPEC_PROFILE_PULS_OXIM: Pulse Oximeter"
      },
      "version": "1"
    }
  ],
  "property": [
    {
      "type": {
        "coding": [
          {
            "system": "urn:iso:std:iso:11073:10101",
            "code": "532353"
          }
        ],
        "text": "MDC_REG_CERT_DATA_CONTINUA_CERT_DEV_LIST: Continua certified device list"
      },
      "valueCodeableConcept": {
        "coding": [
          {
            "system": "http://terminology.hl7.org/CodeSystem/ContinuaPAN",
            "code": "4"
          }
        ]
      }
    },
    {
      "type": {
        "coding": [
          {
            "system": "http://terminology.hl7.org/CodeSystem/ASN1ToHL7",
            "code": "532354.0"
          }
        ],
        "text": "regulation-status"
      },
      "valueCodeableConcept": {
        "coding": [
          {
            "system": "http://terminology.hl7.org/CodeSystem/v2-0136",
            "code": "N"
          }
        ],
        "text": "Device is Regulated"
      }
    },
    {
      "type": {
        "coding": [
          {
            "system": "urn:iso:std:iso:11073:10101",
            "code": "68220"
          }
        ],
        "text": "MDC_TIME_SYNC_PROTOCOL: Time synchronization protocol"
      },
      "valueCodeableConcept": {
        "coding": [
          {
            "system": "urn:iso:std:iso:11073:10101",
            "code": "532224"
          }
        ],
        "text": "MDC_TIME_SYNC_NONE: No time synchronization"
      }
    },
    {
      "type": {
        "coding": [
          {
            "system": "http://terminology.hl7.org/CodeSystem/ASN1ToHL7",
            "code": "68219.0"
          }
        ],
        "text": "mds-time-capab-real-time-clock"
      },
      "valueCodeableConcept": {
        "coding": [
          {
            "system": "http://terminology.hl7.org/CodeSystem/v2-0136",
            "code": "Y"
          }
        ],
        "text": "real time clock supported"
      }
    },
    {
      "type": {
        "coding": [
          {
            "system": "http://terminology.hl7.org/CodeSystem/ASN1ToHL7",
            "code": "68219.1"
          }
        ],
        "text": "mds-time-capab-set-clock"
      },
      "valueCodeableConcept": {
        "coding": [
          {
            "system": "http://terminology.hl7.org/CodeSystem/v2-0136",
            "code": "Y"
          }
        ],
        "text": "setting the time supported"
      }
    }
  ],
  "meta": {
    "tag": [
      {
        "system": "http://terminology.hl7.org/CodeSystem/v3-ActReason",
        "code": "HTEST",
        "display": "test health data"
      }
    ]
  }
}