{
  "resourceType": "MedicationRequest",
  "id": "medrx0330",
  "text": {
    "status": "generated",
    "div": "\u003cdiv xmlns\u003d\"http://www.w3.org/1999/xhtml\"\u003e\u003cp\u003e\u003cb\u003eGenerated Narrative: MedicationRequest\u003c/b\u003e\u003ca name\u003d\"medrx0330\"\u003e \u003c/a\u003e\u003c/p\u003e\u003cdiv style\u003d\"display: inline-block; background-color: #d9e0e7; padding: 6px; margin: 4px; border: 1px solid #8da1b4; border-radius: 5px; line-height: 60%\"\u003e\u003cp style\u003d\"margin-bottom: 0px\"\u003eResource MedicationRequest \u0026quot;medrx0330\u0026quot; \u003c/p\u003e\u003c/div\u003e\u003cp\u003e\u003cb\u003eidentifier\u003c/b\u003e: id: 12345689 (use: OFFICIAL)\u003c/p\u003e\u003cp\u003e\u003cb\u003estatus\u003c/b\u003e: active\u003c/p\u003e\u003cp\u003e\u003cb\u003eintent\u003c/b\u003e: order\u003c/p\u003e\u003ch3\u003eMedications\u003c/h3\u003e\u003ctable class\u003d\"grid\"\u003e\u003ctr\u003e\u003ctd\u003e-\u003c/td\u003e\u003ctd\u003e\u003cb\u003eReference\u003c/b\u003e\u003c/td\u003e\u003c/tr\u003e\u003ctr\u003e\u003ctd\u003e*\u003c/td\u003e\u003ctd\u003e\u003cspan title\u003d\"  Linked to a RESOURCE Medication  \"\u003e\u003ca name\u003d\"med0305\"\u003e \u003c/a\u003e\u003c/span\u003e\u003cblockquote\u003e\u003cp/\u003e\u003cp\u003e\u003ca name\u003d\"med0305\"\u003e \u003c/a\u003e\u003c/p\u003e\u003cp\u003e\u003cb\u003ecode\u003c/b\u003e: Timoptic 5mg/ml solution \u003cspan style\u003d\"background: LightGoldenRodYellow; margin: 4px; border: 1px solid khaki\"\u003e (\u003ca href\u003d\"http://terminology.hl7.org/5.1.0/CodeSystem-v3-ndc.html\"\u003eNational drug codes\u003c/a\u003e#24208-813-10)\u003c/span\u003e\u003c/p\u003e\u003c/blockquote\u003e\u003c/td\u003e\u003c/tr\u003e\u003c/table\u003e\u003cp\u003e\u003cb\u003esubject\u003c/b\u003e: \u003ca href\u003d\"patient-example-a.html\"\u003ePatient/pat1: Donald Duck\u003c/a\u003e \u0026quot;Donald DUCK\u0026quot;\u003c/p\u003e\u003cp\u003e\u003cb\u003eencounter\u003c/b\u003e: \u003ca href\u003d\"encounter-example-f002-lung.html\"\u003eEncounter/f002: encounter who leads to this prescription\u003c/a\u003e\u003c/p\u003e\u003cp\u003e\u003cb\u003eauthoredOn\u003c/b\u003e: 2015-01-15\u003c/p\u003e\u003cp\u003e\u003cb\u003erequester\u003c/b\u003e: \u003ca href\u003d\"practitioner-example-f007-sh.html\"\u003ePractitioner/f007: Patrick Pump\u003c/a\u003e \u0026quot;Simone HEPS\u0026quot;\u003c/p\u003e\u003cblockquote\u003e\u003cp\u003e\u003cb\u003edosageInstruction\u003c/b\u003e\u003c/p\u003e\u003cp\u003e\u003cb\u003esequence\u003c/b\u003e: 1\u003c/p\u003e\u003cp\u003e\u003cb\u003etext\u003c/b\u003e: Instil one drop in each eye twice daily\u003c/p\u003e\u003cp\u003e\u003cb\u003etiming\u003c/b\u003e: 2 per 1 days\u003c/p\u003e\u003cp\u003e\u003cb\u003eroute\u003c/b\u003e: Ophthalmic route (qualifier value) \u003cspan style\u003d\"background: LightGoldenRodYellow; margin: 4px; border: 1px solid khaki\"\u003e (\u003ca href\u003d\"https://browser.ihtsdotools.org/\"\u003eSNOMED CT\u003c/a\u003e#54485002)\u003c/span\u003e\u003c/p\u003e\u003cp\u003e\u003cb\u003emethod\u003c/b\u003e: Instill - dosing instruction imperative (qualifier value) \u003cspan style\u003d\"background: LightGoldenRodYellow; margin: 4px; border: 1px solid khaki\"\u003e (\u003ca href\u003d\"https://browser.ihtsdotools.org/\"\u003eSNOMED CT\u003c/a\u003e#421538008)\u003c/span\u003e\u003c/p\u003e\u003cblockquote\u003e\u003cp\u003e\u003cb\u003edoseAndRate\u003c/b\u003e\u003c/p\u003e\u003c/blockquote\u003e\u003c/blockquote\u003e\u003cblockquote\u003e\u003cp\u003e\u003cb\u003edispenseRequest\u003c/b\u003e\u003c/p\u003e\u003cp\u003e\u003cb\u003evalidityPeriod\u003c/b\u003e: 2015-01-15 --\u0026gt; 2016-01-15\u003c/p\u003e\u003cp\u003e\u003cb\u003enumberOfRepeatsAllowed\u003c/b\u003e: 1\u003c/p\u003e\u003cp\u003e\u003cb\u003equantity\u003c/b\u003e: 10 mL\u003cspan style\u003d\"background: LightGoldenRodYellow\"\u003e (Details: UCUM code mL \u003d \u0027mL\u0027)\u003c/span\u003e\u003c/p\u003e\u003ch3\u003eExpectedSupplyDurations\u003c/h3\u003e\u003ctable class\u003d\"grid\"\u003e\u003ctr\u003e\u003ctd\u003e-\u003c/td\u003e\u003ctd\u003e\u003cb\u003eValue\u003c/b\u003e\u003c/td\u003e\u003ctd\u003e\u003cb\u003eUnit\u003c/b\u003e\u003c/td\u003e\u003ctd\u003e\u003cb\u003eSystem\u003c/b\u003e\u003c/td\u003e\u003ctd\u003e\u003cb\u003eCode\u003c/b\u003e\u003c/td\u003e\u003c/tr\u003e\u003ctr\u003e\u003ctd\u003e*\u003c/td\u003e\u003ctd\u003e30\u003c/td\u003e\u003ctd\u003edays\u003c/td\u003e\u003ctd\u003e\u003ca href\u003d\"http://terminology.hl7.org/5.1.0/CodeSystem-v3-ucum.html\"\u003eUnified Code for Units of Measure (UCUM)\u003c/a\u003e\u003c/td\u003e\u003ctd\u003ed\u003c/td\u003e\u003c/tr\u003e\u003c/table\u003e\u003c/blockquote\u003e\u003ch3\u003eSubstitutions\u003c/h3\u003e\u003ctable class\u003d\"grid\"\u003e\u003ctr\u003e\u003ctd\u003e-\u003c/td\u003e\u003ctd\u003e\u003cb\u003eAllowed[x]\u003c/b\u003e\u003c/td\u003e\u003ctd\u003e\u003cb\u003eReason\u003c/b\u003e\u003c/td\u003e\u003c/tr\u003e\u003ctr\u003e\u003ctd\u003e*\u003c/td\u003e\u003ctd\u003efalse\u003c/td\u003e\u003ctd\u003eformulary policy \u003cspan style\u003d\"background: LightGoldenRodYellow; margin: 4px; border: 1px solid khaki\"\u003e (\u003ca href\u003d\"http://terminology.hl7.org/5.1.0/CodeSystem-v3-ActReason.html\"\u003eActReason\u003c/a\u003e#FP)\u003c/span\u003e\u003c/td\u003e\u003c/tr\u003e\u003c/table\u003e\u003c/div\u003e"
  },
  "contained": [
    {
      "resourceType": "Medication",
      "id": "med0305",
      "code": {
        "coding": [
          {
            "system": "http://hl7.org/fhir/sid/ndc",
            "code": "24208-813-10",
            "display": "Timoptic 5mg/ml solution"
          }
        ]
      }
    }
  ],
  "identifier": [
    {
      "use": "official",
      "system": "http://www.bmc.nl/portal/prescriptions",
      "value": "12345689"
    }
  ],
  "status": "active",
  "intent": "order",
  "medication": {
    "reference": {
      "reference": "#med0305"
    }
  },
  "subject": {
    "reference": "Patient/pat1",
    "display": "Donald Duck"
  },
  "encounter": {
    "reference": "Encounter/f002",
    "display": "encounter who leads to this prescription"
  },
  "authoredOn": "2015-01-15",
  "requester": {
    "reference": "Practitioner/f007",
    "display": "Patrick Pump"
  },
  "dosageInstruction": [
    {
      "sequence": 1,
      "text": "Instil one drop in each eye twice daily",
      "timing": {
        "repeat": {
          "frequency": 2,
          "period": 1,
          "periodUnit": "d"
        }
      },
      "route": {
        "coding": [
          {
            "system": "http://snomed.info/sct",
            "code": "54485002",
            "display": "Ophthalmic route (qualifier value)"
          }
        ]
      },
      "method": {
        "coding": [
          {
            "system": "http://snomed.info/sct",
            "code": "421538008",
            "display": "Instill - dosing instruction imperative (qualifier value)"
          }
        ]
      },
      "doseAndRate": [
        {
          "type": {
            "coding": [
              {
                "system": "http://terminology.hl7.org/CodeSystem/dose-rate-type",
                "code": "ordered",
                "display": "Ordered"
              }
            ]
          },
          "doseQuantity": {
            "value": 1,
            "unit": "OPDROP",
            "system": "http://terminology.hl7.org/CodeSystem/v3-orderableDrugForm",
            "code": "OPDROP"
          }
        }
      ]
    }
  ],
  "dispenseRequest": {
    "validityPeriod": {
      "start": "2015-01-15",
      "end": "2016-01-15"
    },
    "numberOfRepeatsAllowed": 1,
    "quantity": {
      "value": 10,
      "unit": "mL",
      "system": "http://unitsofmeasure.org",
      "code": "mL"
    },
    "expectedSupplyDuration": {
      "value": 30,
      "unit": "days",
      "system": "http://unitsofmeasure.org",
      "code": "d"
    }
  },
  "substitution": {
    "allowedBoolean": false,
    "reason": {
      "coding": [
        {
          "system": "http://terminology.hl7.org/CodeSystem/v3-ActReason",
          "code": "FP",
          "display": "formulary policy"
        }
      ]
    }
  },
  "meta": {
    "tag": [
      {
        "system": "http://terminology.hl7.org/CodeSystem/v3-ActReason",
        "code": "HTEST",
        "display": "test health data"
      }
    ]
  }
}