{
  "resourceType": "MedicationDispense",
  "id": "meddisp0317",
  "text": {
    "status": "generated",
    "div": "\u003cdiv xmlns\u003d\"http://www.w3.org/1999/xhtml\"\u003e\u003cp\u003e\u003cb\u003eGenerated Narrative: MedicationDispense\u003c/b\u003e\u003ca name\u003d\"meddisp0317\"\u003e \u003c/a\u003e\u003c/p\u003e\u003cdiv style\u003d\"display: inline-block; background-color: #d9e0e7; padding: 6px; margin: 4px; border: 1px solid #8da1b4; border-radius: 5px; line-height: 60%\"\u003e\u003cp style\u003d\"margin-bottom: 0px\"\u003eResource MedicationDispense \u0026quot;meddisp0317\u0026quot; \u003c/p\u003e\u003c/div\u003e\u003cp\u003e\u003cb\u003estatus\u003c/b\u003e: stopped\u003c/p\u003e\u003ch3\u003eMedications\u003c/h3\u003e\u003ctable class\u003d\"grid\"\u003e\u003ctr\u003e\u003ctd\u003e-\u003c/td\u003e\u003ctd\u003e\u003cb\u003eReference\u003c/b\u003e\u003c/td\u003e\u003c/tr\u003e\u003ctr\u003e\u003ctd\u003e*\u003c/td\u003e\u003ctd\u003e\u003cspan title\u003d\"  Linked to a RESOURCE Medication  \"\u003e\u003ca name\u003d\"med0306\"\u003e \u003c/a\u003e\u003c/span\u003e\u003cblockquote\u003e\u003cp/\u003e\u003cp\u003e\u003ca name\u003d\"med0306\"\u003e \u003c/a\u003e\u003c/p\u003e\u003cp\u003e\u003cb\u003ecode\u003c/b\u003e: Adcetris (Brentuximab Vedotin 50mg/10.5ml) \u003cspan style\u003d\"background: LightGoldenRodYellow; margin: 4px; border: 1px solid khaki\"\u003e (\u003ca href\u003d\"http://terminology.hl7.org/5.1.0/CodeSystem-v3-ndc.html\"\u003eNational drug codes\u003c/a\u003e#51144-050-01)\u003c/span\u003e\u003c/p\u003e\u003cp\u003e\u003cb\u003emarketingAuthorizationHolder\u003c/b\u003e: \u003ca href\u003d\"organization-example-mmanu.html\"\u003eOrganization/mmanu\u003c/a\u003e \u0026quot;Acme Corporation\u0026quot;\u003c/p\u003e\u003cp\u003e\u003cb\u003edoseForm\u003c/b\u003e: Lyophilized powder for injectable solution (qualifier value)  \u003cspan style\u003d\"background: LightGoldenRodYellow; margin: 4px; border: 1px solid khaki\"\u003e (\u003ca href\u003d\"https://browser.ihtsdotools.org/\"\u003eSNOMED CT\u003c/a\u003e#421637006)\u003c/span\u003e\u003c/p\u003e\u003c/blockquote\u003e\u003c/td\u003e\u003c/tr\u003e\u003c/table\u003e\u003cp\u003e\u003cb\u003esubject\u003c/b\u003e: \u003ca href\u003d\"patient-example-a.html\"\u003ePatient/pat1: Donald Duck \u003c/a\u003e \u0026quot;Donald DUCK\u0026quot;\u003c/p\u003e\u003ch3\u003ePerformers\u003c/h3\u003e\u003ctable class\u003d\"grid\"\u003e\u003ctr\u003e\u003ctd\u003e-\u003c/td\u003e\u003ctd\u003e\u003cb\u003eActor\u003c/b\u003e\u003c/td\u003e\u003c/tr\u003e\u003ctr\u003e\u003ctd\u003e*\u003c/td\u003e\u003ctd\u003e\u003ca href\u003d\"practitioner-example-f006-rvdb.html\"\u003ePractitioner/f006\u003c/a\u003e \u0026quot;Rob VAN DEN BERK\u0026quot;\u003c/td\u003e\u003c/tr\u003e\u003c/table\u003e\u003cp\u003e\u003cb\u003eauthorizingPrescription\u003c/b\u003e: \u003ca href\u003d\"medicationrequest0316.html\"\u003eMedicationRequest/medrx0316\u003c/a\u003e\u003c/p\u003e\u003cp\u003e\u003cb\u003etype\u003c/b\u003e: Trial Fill \u003cspan style\u003d\"background: LightGoldenRodYellow; margin: 4px; border: 1px solid khaki\"\u003e (\u003ca href\u003d\"http://terminology.hl7.org/5.1.0/CodeSystem-v3-ActCode.html\"\u003eActCode\u003c/a\u003e#TF)\u003c/span\u003e\u003c/p\u003e\u003cp\u003e\u003cb\u003equantity\u003c/b\u003e: 3(unit 415818005 from http://snomed.info/sct)\u003cspan style\u003d\"background: LightGoldenRodYellow\"\u003e (Details: SNOMED CT code 415818005 \u003d \u0027415818005\u0027)\u003c/span\u003e\u003c/p\u003e\u003cp\u003e\u003cb\u003edaysSupply\u003c/b\u003e: 1 Day\u003cspan style\u003d\"background: LightGoldenRodYellow\"\u003e (Details: UCUM code d \u003d \u0027d\u0027)\u003c/span\u003e\u003c/p\u003e\u003cp\u003e\u003cb\u003ewhenPrepared\u003c/b\u003e: 2015-06-25T07:13:00+05:00\u003c/p\u003e\u003cp\u003e\u003cb\u003ewhenHandedOver\u003c/b\u003e: 2015-06-26T07:13:00+05:00\u003c/p\u003e\u003cblockquote\u003e\u003cp\u003e\u003cb\u003edosageInstruction\u003c/b\u003e\u003c/p\u003e\u003cp\u003e\u003cb\u003esequence\u003c/b\u003e: 1\u003c/p\u003e\u003cp\u003e\u003cb\u003etext\u003c/b\u003e: 1.8 mg/kg IV infusion over 30 minutes every 3 weeks for 16 cycles\u003c/p\u003e\u003cp\u003e\u003cb\u003etiming\u003c/b\u003e: Count 16 times, Once per 3 weeks\u003c/p\u003e\u003cp\u003e\u003cb\u003eroute\u003c/b\u003e: Intravenous \u003cspan style\u003d\"background: LightGoldenRodYellow; margin: 4px; border: 1px solid khaki\"\u003e (\u003ca href\u003d\"https://browser.ihtsdotools.org/\"\u003eSNOMED CT\u003c/a\u003e#255560000)\u003c/span\u003e\u003c/p\u003e\u003cblockquote\u003e\u003cp\u003e\u003cb\u003edoseAndRate\u003c/b\u003e\u003c/p\u003e\u003c/blockquote\u003e\u003c/blockquote\u003e\u003c/div\u003e"
  },
  "contained": [
    {
      "resourceType": "Medication",
      "id": "med0306",
      "code": {
        "coding": [
          {
            "system": "http://hl7.org/fhir/sid/ndc",
            "code": "51144-050-01",
            "display": "Adcetris (Brentuximab Vedotin 50mg/10.5ml)"
          }
        ]
      },
      "marketingAuthorizationHolder": {
        "reference": "Organization/mmanu"
      },
      "doseForm": {
        "coding": [
          {
            "system": "http://snomed.info/sct",
            "code": "421637006",
            "display": "Lyophilized powder for injectable solution (qualifier value) "
          }
        ]
      }
    }
  ],
  "status": "stopped",
  "medication": {
    "reference": {
      "reference": "#med0306",
      "display": "Brentixumab Vedotin (Adcetris)"
    }
  },
  "subject": {
    "reference": "Patient/pat1",
    "display": "Donald Duck "
  },
  "performer": [
    {
      "actor": {
        "reference": "Practitioner/f006"
      }
    }
  ],
  "authorizingPrescription": [
    {
      "reference": "MedicationRequest/medrx0316"
    }
  ],
  "type": {
    "coding": [
      {
        "system": "http://terminology.hl7.org/CodeSystem/v3-ActCode",
        "code": "TF",
        "display": "Trial Fill"
      }
    ]
  },
  "quantity": {
    "value": 3,
    "system": "http://snomed.info/sct",
    "code": "415818005"
  },
  "daysSupply": {
    "value": 1,
    "unit": "Day",
    "system": "http://unitsofmeasure.org",
    "code": "d"
  },
  "whenPrepared": "2015-06-25T07:13:00+05:00",
  "whenHandedOver": "2015-06-26T07:13:00+05:00",
  "dosageInstruction": [
    {
      "sequence": 1,
      "text": "1.8 mg/kg IV infusion over 30 minutes every 3 weeks for 16 cycles",
      "timing": {
        "repeat": {
          "count": 16,
          "frequency": 1,
          "period": 3,
          "periodUnit": "wk"
        }
      },
      "route": {
        "coding": [
          {
            "system": "http://snomed.info/sct",
            "code": "255560000",
            "display": "Intravenous"
          }
        ]
      },
      "doseAndRate": [
        {
          "type": {
            "coding": [
              {
                "system": "http://terminology.hl7.org/CodeSystem/dose-rate-type",
                "code": "ordered",
                "display": "Ordered"
              }
            ]
          },
          "doseQuantity": {
            "value": 1.8,
            "unit": "mg/kg",
            "system": "http://unitsofmeasure.org",
            "code": "mg/kg"
          }
        }
      ]
    }
  ],
  "meta": {
    "tag": [
      {
        "system": "http://terminology.hl7.org/CodeSystem/v3-ActReason",
        "code": "HTEST",
        "display": "test health data"
      }
    ]
  }
}