{
  "resourceType": "MedicationStatement",
  "id": "example008",
  "text": {
    "status": "generated",
    "div": "\u003cdiv xmlns\u003d\"http://www.w3.org/1999/xhtml\"\u003e\u003cp\u003e\u003cb\u003eGenerated Narrative: MedicationStatement\u003c/b\u003e\u003ca name\u003d\"example008\"\u003e \u003c/a\u003e\u003c/p\u003e\u003cdiv style\u003d\"display: inline-block; background-color: #d9e0e7; padding: 6px; margin: 4px; border: 1px solid #8da1b4; border-radius: 5px; line-height: 60%\"\u003e\u003cp style\u003d\"margin-bottom: 0px\"\u003eResource MedicationStatement \u0026quot;example008\u0026quot; \u003c/p\u003e\u003c/div\u003e\u003cp\u003e\u003cb\u003estatus\u003c/b\u003e: recorded\u003c/p\u003e\u003ch3\u003eMedications\u003c/h3\u003e\u003ctable class\u003d\"grid\"\u003e\u003ctr\u003e\u003ctd\u003e-\u003c/td\u003e\u003ctd\u003e\u003cb\u003eReference\u003c/b\u003e\u003c/td\u003e\u003c/tr\u003e\u003ctr\u003e\u003ctd\u003e*\u003c/td\u003e\u003ctd\u003e\u003cspan title\u003d\"  Linked to a RESOURCE Medication  \"\u003e\u003ca name\u003d\"med0309\"\u003e \u003c/a\u003e\u003c/span\u003e\u003cblockquote\u003e\u003cp/\u003e\u003cp\u003e\u003ca name\u003d\"med0309\"\u003e \u003c/a\u003e\u003c/p\u003e\u003cp\u003e\u003cb\u003ecode\u003c/b\u003e: Nigroglycerin patch \u003cspan style\u003d\"background: LightGoldenRodYellow; margin: 4px; border: 1px solid khaki\"\u003e (\u003ca href\u003d\"http://terminology.hl7.org/5.1.0/CodeSystem-v3-ndc.html\"\u003eNational drug codes\u003c/a\u003e#358793)\u003c/span\u003e\u003c/p\u003e\u003cp\u003e\u003cb\u003edoseForm\u003c/b\u003e: Nitroglycerin 200 microgram/hour prolonged-release transdermal patch \u003cspan style\u003d\"background: LightGoldenRodYellow; margin: 4px; border: 1px solid khaki\"\u003e (\u003ca href\u003d\"https://browser.ihtsdotools.org/\"\u003eSNOMED CT\u003c/a\u003e#376251004)\u003c/span\u003e\u003c/p\u003e\u003c/blockquote\u003e\u003c/td\u003e\u003c/tr\u003e\u003c/table\u003e\u003cp\u003e\u003cb\u003esubject\u003c/b\u003e: \u003ca href\u003d\"patient-example-a.html\"\u003ePatient/pat1: Donald Duck\u003c/a\u003e \u0026quot;Donald DUCK\u0026quot;\u003c/p\u003e\u003cp\u003e\u003cb\u003enote\u003c/b\u003e: Patient reports they used the given patches over the last 30 days\u003c/p\u003e\u003cblockquote\u003e\u003cp\u003e\u003cb\u003edosage\u003c/b\u003e\u003c/p\u003e\u003cblockquote\u003e\u003cp\u003e\u003cb\u003edoseAndRate\u003c/b\u003e\u003c/p\u003e\u003c/blockquote\u003e\u003c/blockquote\u003e\u003c/div\u003e"
  },
  "contained": [
    {
      "resourceType": "Medication",
      "id": "med0309",
      "code": {
        "coding": [
          {
            "system": "http://hl7.org/fhir/sid/ndc",
            "code": "358793",
            "display": "Nigroglycerin patch"
          }
        ]
      },
      "doseForm": {
        "coding": [
          {
            "system": "http://snomed.info/sct",
            "code": "376251004",
            "display": "Nitroglycerin 200 microgram/hour prolonged-release transdermal patch"
          }
        ]
      }
    }
  ],
  "status": "recorded",
  "medication": {
    "reference": {
      "reference": "#med0309"
    }
  },
  "subject": {
    "reference": "Patient/pat1",
    "display": "Donald Duck"
  },
  "note": [
    {
      "text": "Patient reports they used the given patches over the last 30 days"
    }
  ],
  "dosage": [
    {
      "doseAndRate": [
        {
          "doseQuantity": {
            "value": 1,
            "unit": "patch",
            "system": "http://terminology.hl7.org/CodeSystem/v3-orderableDrugForm",
            "code": "TPATH24"
          }
        }
      ]
    }
  ],
  "meta": {
    "tag": [
      {
        "system": "http://terminology.hl7.org/CodeSystem/v3-ActReason",
        "code": "HTEST",
        "display": "test health data"
      }
    ]
  }
}