{
  "resourceType": "Observation",
  "id": "respiratory-rate",
  "meta": {
    "profile": [
      "http://hl7.org/fhir/StructureDefinition/vitalsigns"
    ],
    "tag": [
      {
        "system": "http://terminology.hl7.org/CodeSystem/v3-ActReason",
        "code": "HTEST",
        "display": "test health data"
      }
    ]
  },
  "text": {
    "status": "generated",
    "div": "\u003cdiv xmlns\u003d\"http://www.w3.org/1999/xhtml\"\u003e\u003cp\u003e\u003cb\u003eGenerated Narrative: Observation\u003c/b\u003e\u003ca name\u003d\"respiratory-rate\"\u003e \u003c/a\u003e\u003c/p\u003e\u003cdiv style\u003d\"display: inline-block; background-color: #d9e0e7; padding: 6px; margin: 4px; border: 1px solid #8da1b4; border-radius: 5px; line-height: 60%\"\u003e\u003cp style\u003d\"margin-bottom: 0px\"\u003eResource Observation \u0026quot;respiratory-rate\u0026quot; \u003c/p\u003e\u003cp style\u003d\"margin-bottom: 0px\"\u003eProfile: \u003ca href\u003d\"vitalsigns.html\"\u003eVital Signs Profile\u003c/a\u003e\u003c/p\u003e\u003c/div\u003e\u003cp\u003e\u003cb\u003estatus\u003c/b\u003e: final\u003c/p\u003e\u003cp\u003e\u003cb\u003ecategory\u003c/b\u003e: Vital Signs \u003cspan style\u003d\"background: LightGoldenRodYellow; margin: 4px; border: 1px solid khaki\"\u003e (\u003ca href\u003d\"http://terminology.hl7.org/5.1.0/CodeSystem-observation-category.html\"\u003eObservation Category Codes\u003c/a\u003e#vital-signs)\u003c/span\u003e\u003c/p\u003e\u003cp\u003e\u003cb\u003ecode\u003c/b\u003e: Respiratory rate \u003cspan style\u003d\"background: LightGoldenRodYellow; margin: 4px; border: 1px solid khaki\"\u003e (\u003ca href\u003d\"https://loinc.org/\"\u003eLOINC\u003c/a\u003e#9279-1)\u003c/span\u003e\u003c/p\u003e\u003cp\u003e\u003cb\u003esubject\u003c/b\u003e: \u003ca href\u003d\"patient-example.html\"\u003ePatient/example\u003c/a\u003e \u0026quot;Peter CHALMERS\u0026quot;\u003c/p\u003e\u003cp\u003e\u003cb\u003eeffective\u003c/b\u003e: 1999-07-02\u003c/p\u003e\u003cp\u003e\u003cb\u003evalue\u003c/b\u003e: 26 breaths/minute\u003cspan style\u003d\"background: LightGoldenRodYellow\"\u003e (Details: UCUM code /min \u003d \u0027/min\u0027)\u003c/span\u003e\u003c/p\u003e\u003c/div\u003e"
  },
  "status": "final",
  "category": [
    {
      "coding": [
        {
          "system": "http://terminology.hl7.org/CodeSystem/observation-category",
          "code": "vital-signs",
          "display": "Vital Signs"
        }
      ],
      "text": "Vital Signs"
    }
  ],
  "code": {
    "coding": [
      {
        "system": "http://loinc.org",
        "code": "9279-1",
        "display": "Respiratory rate"
      }
    ],
    "text": "Respiratory rate"
  },
  "subject": {
    "reference": "Patient/example"
  },
  "effectiveDateTime": "1999-07-02",
  "valueQuantity": {
    "value": 26,
    "unit": "breaths/minute",
    "system": "http://unitsofmeasure.org",
    "code": "/min"
  }
}