{
  "resourceType": "OperationDefinition",
  "id": "ConceptMap-translate",
  "text": {
    "status": "extensions",
    "div": "\u003cdiv xmlns\u003d\"http://www.w3.org/1999/xhtml\"\u003e\u003cp\u003eURL: [base]/ConceptMap/$translate\u003c/p\u003e\u003cp\u003eURL: [base]/ConceptMap/[id]/$translate\u003c/p\u003e\u003cp\u003eParameters\u003c/p\u003e\u003ctable class\u003d\"grid\"\u003e\u003ctr\u003e\u003ctd\u003e\u003cb\u003eUse\u003c/b\u003e\u003c/td\u003e\u003ctd\u003e\u003cb\u003eName\u003c/b\u003e\u003c/td\u003e\u003ctd\u003e\u003cb\u003eScope\u003c/b\u003e\u003c/td\u003e\u003ctd\u003e\u003cb\u003eCardinality\u003c/b\u003e\u003c/td\u003e\u003ctd\u003e\u003cb\u003eType\u003c/b\u003e\u003c/td\u003e\u003ctd\u003e\u003cb\u003eBinding\u003c/b\u003e\u003c/td\u003e\u003ctd\u003e\u003cb\u003eDocumentation\u003c/b\u003e\u003c/td\u003e\u003c/tr\u003e\u003ctr\u003e\u003ctd\u003eIN\u003c/td\u003e\u003ctd\u003eurl\u003c/td\u003e\u003ctd\u003etype\u003c/td\u003e\u003ctd\u003e0..1\u003c/td\u003e\u003ctd\u003e\u003ca href\u003d\"datatypes.html#uri\"\u003euri\u003c/a\u003e\u003c/td\u003e\u003ctd/\u003e\u003ctd\u003e\u003cdiv\u003e\u003cp\u003eA canonical URL for a concept map. The server must know the concept map (e.g. it is defined explicitly in the server\u0027s concept maps, or it is defined implicitly by some code system known to the server.\u003c/p\u003e\n\u003c/div\u003e\u003c/td\u003e\u003c/tr\u003e\u003ctr\u003e\u003ctd\u003eIN\u003c/td\u003e\u003ctd\u003econceptMap\u003c/td\u003e\u003ctd\u003etype\u003c/td\u003e\u003ctd\u003e0..1\u003c/td\u003e\u003ctd\u003e\u003ca href\u003d\"conceptmap.html\"\u003eConceptMap\u003c/a\u003e\u003c/td\u003e\u003ctd/\u003e\u003ctd\u003e\u003cdiv\u003e\u003cp\u003eThe concept map is provided directly as part of the request. Servers may choose not to accept concept maps in this fashion.\u003c/p\u003e\n\u003c/div\u003e\u003c/td\u003e\u003c/tr\u003e\u003ctr\u003e\u003ctd\u003eIN\u003c/td\u003e\u003ctd\u003econceptMapVersion\u003c/td\u003e\u003ctd\u003etype\u003c/td\u003e\u003ctd\u003e0..1\u003c/td\u003e\u003ctd\u003e\u003ca href\u003d\"datatypes.html#string\"\u003estring\u003c/a\u003e\u003c/td\u003e\u003ctd/\u003e\u003ctd\u003e\u003cdiv\u003e\u003cp\u003eThe identifier that is used to identify a specific version of the concept map to be used for the translation. This is an arbitrary value managed by the concept map author and is not expected to be globally unique. For example, it might be a timestamp (e.g. yyyymmdd) if a managed version is not available.\u003c/p\u003e\n\u003c/div\u003e\u003c/td\u003e\u003c/tr\u003e\u003ctr\u003e\u003ctd\u003eIN\u003c/td\u003e\u003ctd\u003esourceCode\u003c/td\u003e\u003ctd/\u003e\u003ctd\u003e0..1\u003c/td\u003e\u003ctd\u003e\u003ca href\u003d\"datatypes.html#code\"\u003ecode\u003c/a\u003e\u003c/td\u003e\u003ctd/\u003e\u003ctd\u003e\u003cdiv\u003e\u003cp\u003eThe code that is to be translated. If a code is provided, a system must be provided\u003c/p\u003e\n\u003c/div\u003e\u003c/td\u003e\u003c/tr\u003e\u003ctr\u003e\u003ctd\u003eIN\u003c/td\u003e\u003ctd\u003esystem\u003c/td\u003e\u003ctd/\u003e\u003ctd\u003e0..1\u003c/td\u003e\u003ctd\u003e\u003ca href\u003d\"datatypes.html#uri\"\u003euri\u003c/a\u003e\u003c/td\u003e\u003ctd/\u003e\u003ctd\u003e\u003cdiv\u003e\u003cp\u003eThe system for the code that is to be translated\u003c/p\u003e\n\u003c/div\u003e\u003c/td\u003e\u003c/tr\u003e\u003ctr\u003e\u003ctd\u003eIN\u003c/td\u003e\u003ctd\u003eversion\u003c/td\u003e\u003ctd/\u003e\u003ctd\u003e0..1\u003c/td\u003e\u003ctd\u003e\u003ca href\u003d\"datatypes.html#string\"\u003estring\u003c/a\u003e\u003c/td\u003e\u003ctd/\u003e\u003ctd\u003e\u003cdiv\u003e\u003cp\u003eThe version of the system, if one was provided in the source data\u003c/p\u003e\n\u003c/div\u003e\u003c/td\u003e\u003c/tr\u003e\u003ctr\u003e\u003ctd\u003eIN\u003c/td\u003e\u003ctd\u003esourceScope\u003c/td\u003e\u003ctd/\u003e\u003ctd\u003e0..1\u003c/td\u003e\u003ctd\u003e\u003ca href\u003d\"datatypes.html#uri\"\u003euri\u003c/a\u003e\u003c/td\u003e\u003ctd/\u003e\u003ctd\u003e\u003cdiv\u003e\u003cp\u003eLimits the scope of the $translate operation to source codes (ConceptMap.group.element.code) that are members of this value set.\u003c/p\u003e\n\u003c/div\u003e\u003c/td\u003e\u003c/tr\u003e\u003ctr\u003e\u003ctd\u003eIN\u003c/td\u003e\u003ctd\u003esourceCoding\u003c/td\u003e\u003ctd/\u003e\u003ctd\u003e0..1\u003c/td\u003e\u003ctd\u003e\u003ca href\u003d\"datatypes.html#Coding\"\u003eCoding\u003c/a\u003e\u003c/td\u003e\u003ctd/\u003e\u003ctd\u003e\u003cdiv\u003e\u003cp\u003eA coding to translate\u003c/p\u003e\n\u003c/div\u003e\u003c/td\u003e\u003c/tr\u003e\u003ctr\u003e\u003ctd\u003eIN\u003c/td\u003e\u003ctd\u003esourceCodeableConcept\u003c/td\u003e\u003ctd/\u003e\u003ctd\u003e0..1\u003c/td\u003e\u003ctd\u003e\u003ca href\u003d\"datatypes.html#CodeableConcept\"\u003eCodeableConcept\u003c/a\u003e\u003c/td\u003e\u003ctd/\u003e\u003ctd\u003e\u003cdiv\u003e\u003cp\u003eA full codeableConcept to validate. The server can translate any of the coding values (e.g. existing translations) as it chooses\u003c/p\u003e\n\u003c/div\u003e\u003c/td\u003e\u003c/tr\u003e\u003ctr\u003e\u003ctd\u003eIN\u003c/td\u003e\u003ctd\u003etargetCode\u003c/td\u003e\u003ctd/\u003e\u003ctd\u003e0..1\u003c/td\u003e\u003ctd\u003e\u003ca href\u003d\"datatypes.html#uri\"\u003euri\u003c/a\u003e\u003c/td\u003e\u003ctd/\u003e\u003ctd\u003e\u003cdiv\u003e\u003cp\u003eThe target code that is to be translated to. If a code is provided, a system must be provided\u003c/p\u003e\n\u003c/div\u003e\u003c/td\u003e\u003c/tr\u003e\u003ctr\u003e\u003ctd\u003eIN\u003c/td\u003e\u003ctd\u003etargetCoding\u003c/td\u003e\u003ctd/\u003e\u003ctd\u003e0..1\u003c/td\u003e\u003ctd\u003e\u003ca href\u003d\"datatypes.html#uri\"\u003euri\u003c/a\u003e\u003c/td\u003e\u003ctd/\u003e\u003ctd\u003e\u003cdiv\u003e\u003cp\u003eA target coding to translate to\u003c/p\u003e\n\u003c/div\u003e\u003c/td\u003e\u003c/tr\u003e\u003ctr\u003e\u003ctd\u003eIN\u003c/td\u003e\u003ctd\u003etargetCodeableConcept\u003c/td\u003e\u003ctd/\u003e\u003ctd\u003e0..1\u003c/td\u003e\u003ctd\u003e\u003ca href\u003d\"datatypes.html#uri\"\u003euri\u003c/a\u003e\u003c/td\u003e\u003ctd/\u003e\u003ctd\u003e\u003cdiv\u003e\u003cp\u003eA full codeableConcept to validate. The server can translate any of the coding values (e.g. existing translations) as it chooses\u003c/p\u003e\n\u003c/div\u003e\u003c/td\u003e\u003c/tr\u003e\u003ctr\u003e\u003ctd\u003eIN\u003c/td\u003e\u003ctd\u003etargetScope\u003c/td\u003e\u003ctd/\u003e\u003ctd\u003e0..1\u003c/td\u003e\u003ctd\u003e\u003ca href\u003d\"datatypes.html#uri\"\u003euri\u003c/a\u003e\u003c/td\u003e\u003ctd/\u003e\u003ctd\u003e\u003cdiv\u003e\u003cp\u003eLimits the scope of the $translate operation to target codes (ConceptMap.group.element.target.code) that are members of this value set.\u003c/p\u003e\n\u003c/div\u003e\u003c/td\u003e\u003c/tr\u003e\u003ctr\u003e\u003ctd\u003eIN\u003c/td\u003e\u003ctd\u003etargetSystem\u003c/td\u003e\u003ctd/\u003e\u003ctd\u003e0..1\u003c/td\u003e\u003ctd\u003e\u003ca href\u003d\"datatypes.html#uri\"\u003euri\u003c/a\u003e\u003c/td\u003e\u003ctd/\u003e\u003ctd\u003e\u003cdiv\u003e\u003cp\u003eidentifies a target code system in which a mapping is sought. This parameter is an alternative to the targetScope parameter - only one is required. Searching for any translation to a target code system irrespective of the context (e.g. target valueset) may lead to unsafe results, and it is at the discretion of the server to decide when to support this operation\u003c/p\u003e\n\u003c/div\u003e\u003c/td\u003e\u003c/tr\u003e\u003ctr\u003e\u003ctd\u003eIN\u003c/td\u003e\u003ctd\u003edependency\u003c/td\u003e\u003ctd/\u003e\u003ctd\u003e0..*\u003c/td\u003e\u003ctd\u003e\u003c/td\u003e\u003ctd/\u003e\u003ctd\u003e\u003cdiv\u003e\u003cp\u003eData from another attribute that may help produce the correct mapping\u003c/p\u003e\n\u003c/div\u003e\u003c/td\u003e\u003c/tr\u003e\u003ctr\u003e\u003ctd\u003eIN\u003c/td\u003e\u003ctd\u003edependency.attribute\u003c/td\u003e\u003ctd/\u003e\u003ctd\u003e0..1\u003c/td\u003e\u003ctd\u003e\u003ca href\u003d\"datatypes.html#uri\"\u003euri\u003c/a\u003e\u003c/td\u003e\u003ctd/\u003e\u003ctd\u003e\u003cdiv\u003e\u003cp\u003eThe attribute for this dependency\u003c/p\u003e\n\u003c/div\u003e\u003c/td\u003e\u003c/tr\u003e\u003ctr\u003e\u003ctd\u003eIN\u003c/td\u003e\u003ctd\u003edependency.value\u003c/td\u003e\u003ctd/\u003e\u003ctd\u003e0..1\u003c/td\u003e\u003ctd\u003e\u003ca href\u003d\"datatypes.html#code\"\u003ecode\u003c/a\u003e | \u003ca href\u003d\"datatypes.html#Coding\"\u003eCoding\u003c/a\u003e | \u003ca href\u003d\"datatypes.html#string\"\u003estring\u003c/a\u003e | \u003ca href\u003d\"datatypes.html#boolean\"\u003eboolean\u003c/a\u003e | \u003ca href\u003d\"datatypes.html#Quantity\"\u003eQuantity\u003c/a\u003e\u003c/td\u003e\u003ctd/\u003e\u003ctd\u003e\u003cdiv\u003e\u003cp\u003eThe data value for this dependency\u003c/p\u003e\n\u003c/div\u003e\u003c/td\u003e\u003c/tr\u003e\u003ctr\u003e\u003ctd\u003eOUT\u003c/td\u003e\u003ctd\u003eresult\u003c/td\u003e\u003ctd/\u003e\u003ctd\u003e1..1\u003c/td\u003e\u003ctd\u003e\u003ca href\u003d\"datatypes.html#boolean\"\u003eboolean\u003c/a\u003e\u003c/td\u003e\u003ctd/\u003e\u003ctd\u003e\u003cdiv\u003e\u003cp\u003eTrue if the concept could be translated successfully. The value can only be true if at least one returned match has a relationship other than \u0027not-related-to\u0027.\u003c/p\u003e\n\u003c/div\u003e\u003c/td\u003e\u003c/tr\u003e\u003ctr\u003e\u003ctd\u003eOUT\u003c/td\u003e\u003ctd\u003emessage\u003c/td\u003e\u003ctd/\u003e\u003ctd\u003e0..1\u003c/td\u003e\u003ctd\u003e\u003ca href\u003d\"datatypes.html#string\"\u003estring\u003c/a\u003e\u003c/td\u003e\u003ctd/\u003e\u003ctd\u003e\u003cdiv\u003e\u003cp\u003eError details, for display to a human. If this is provided when result \u003d true, the message carries hints and warnings (e.g. a note that the matches could be improved by providing additional detail)\u003c/p\u003e\n\u003c/div\u003e\u003c/td\u003e\u003c/tr\u003e\u003ctr\u003e\u003ctd\u003eOUT\u003c/td\u003e\u003ctd\u003ematch\u003c/td\u003e\u003ctd/\u003e\u003ctd\u003e0..*\u003c/td\u003e\u003ctd\u003e\u003c/td\u003e\u003ctd/\u003e\u003ctd\u003e\u003cdiv\u003e\u003cp\u003eA concept in the target value set with a relationship. Note that there may be multiple matches of equal or differing relationships, and the matches may include the \u0027not-related-to\u0027 relationship value which means that there is no translation\u003c/p\u003e\n\u003c/div\u003e\u003c/td\u003e\u003c/tr\u003e\u003ctr\u003e\u003ctd\u003eOUT\u003c/td\u003e\u003ctd\u003ematch.relationship\u003c/td\u003e\u003ctd/\u003e\u003ctd\u003e0..1\u003c/td\u003e\u003ctd\u003e\u003ca href\u003d\"datatypes.html#code\"\u003ecode\u003c/a\u003e\u003c/td\u003e\u003ctd/\u003e\u003ctd\u003e\u003cdiv\u003e\u003cp\u003eA code indicating the relationship (e.g., equivalent) of the translation, using values from \u003ca href\u003d\"valueset-concept-map-relationship.html\"\u003eConceptMapRelationship\u003c/a\u003e\u003c/p\u003e\n\u003c/div\u003e\u003c/td\u003e\u003c/tr\u003e\u003ctr\u003e\u003ctd\u003eOUT\u003c/td\u003e\u003ctd\u003ematch.concept\u003c/td\u003e\u003ctd/\u003e\u003ctd\u003e0..1\u003c/td\u003e\u003ctd\u003e\u003ca href\u003d\"datatypes.html#Coding\"\u003eCoding\u003c/a\u003e\u003c/td\u003e\u003ctd/\u003e\u003ctd\u003e\u003cdiv\u003e\u003cp\u003eThe translation outcome. Note that this would never have userSelected \u003d true, since the process of translations implies that the user is not selecting the code (and only the client could know differently)\u003c/p\u003e\n\u003c/div\u003e\u003c/td\u003e\u003c/tr\u003e\u003ctr\u003e\u003ctd\u003eOUT\u003c/td\u003e\u003ctd\u003ematch.property\u003c/td\u003e\u003ctd/\u003e\u003ctd\u003e0..*\u003c/td\u003e\u003ctd\u003e\u003c/td\u003e\u003ctd/\u003e\u003ctd\u003e\u003cdiv\u003e\u003cp\u003eA property of this mapping (may be used to supply for example, mapping priority, provenance, presentation hints, flag as experimental, and additional documentation)\u003c/p\u003e\n\u003c/div\u003e\u003c/td\u003e\u003c/tr\u003e\u003ctr\u003e\u003ctd\u003eOUT\u003c/td\u003e\u003ctd\u003ematch.property.uri\u003c/td\u003e\u003ctd/\u003e\u003ctd\u003e1..1\u003c/td\u003e\u003ctd\u003e\u003ca href\u003d\"datatypes.html#uri\"\u003euri\u003c/a\u003e\u003c/td\u003e\u003ctd/\u003e\u003ctd\u003e\u003cdiv\u003e\u003cp\u003eThe uri that identifies the property\u003c/p\u003e\n\u003c/div\u003e\u003c/td\u003e\u003c/tr\u003e\u003ctr\u003e\u003ctd\u003eOUT\u003c/td\u003e\u003ctd\u003ematch.property.value\u003c/td\u003e\u003ctd/\u003e\u003ctd\u003e1..1\u003c/td\u003e\u003ctd\u003e\u003ca href\u003d\"datatypes.html#Coding\"\u003eCoding\u003c/a\u003e | \u003ca href\u003d\"datatypes.html#string\"\u003estring\u003c/a\u003e | \u003ca href\u003d\"datatypes.html#integer\"\u003einteger\u003c/a\u003e | \u003ca href\u003d\"datatypes.html#boolean\"\u003eboolean\u003c/a\u003e | \u003ca href\u003d\"datatypes.html#dateTime\"\u003edateTime\u003c/a\u003e | \u003ca href\u003d\"datatypes.html#decimal\"\u003edecimal\u003c/a\u003e | \u003ca href\u003d\"datatypes.html#code\"\u003ecode\u003c/a\u003e\u003c/td\u003e\u003ctd/\u003e\u003ctd\u003e\u003cdiv\u003e\u003cp\u003eThe value of the property\u003c/p\u003e\n\u003c/div\u003e\u003c/td\u003e\u003c/tr\u003e\u003ctr\u003e\u003ctd\u003eOUT\u003c/td\u003e\u003ctd\u003ematch.product\u003c/td\u003e\u003ctd/\u003e\u003ctd\u003e0..*\u003c/td\u003e\u003ctd\u003e\u003c/td\u003e\u003ctd/\u003e\u003ctd\u003e\u003cdiv\u003e\u003cp\u003eA data value to go in an attribute that is the product of this mapping\u003c/p\u003e\n\u003c/div\u003e\u003c/td\u003e\u003c/tr\u003e\u003ctr\u003e\u003ctd\u003eOUT\u003c/td\u003e\u003ctd\u003ematch.product.attribute\u003c/td\u003e\u003ctd/\u003e\u003ctd\u003e1..1\u003c/td\u003e\u003ctd\u003e\u003ca href\u003d\"datatypes.html#uri\"\u003euri\u003c/a\u003e\u003c/td\u003e\u003ctd/\u003e\u003ctd\u003e\u003cdiv\u003e\u003cp\u003eThe attribute for this product\u003c/p\u003e\n\u003c/div\u003e\u003c/td\u003e\u003c/tr\u003e\u003ctr\u003e\u003ctd\u003eOUT\u003c/td\u003e\u003ctd\u003ematch.product.value\u003c/td\u003e\u003ctd/\u003e\u003ctd\u003e1..1\u003c/td\u003e\u003ctd\u003e\u003ca href\u003d\"datatypes.html#code\"\u003ecode\u003c/a\u003e | \u003ca href\u003d\"datatypes.html#Coding\"\u003eCoding\u003c/a\u003e | \u003ca href\u003d\"datatypes.html#string\"\u003estring\u003c/a\u003e | \u003ca href\u003d\"datatypes.html#boolean\"\u003eboolean\u003c/a\u003e | \u003ca href\u003d\"datatypes.html#Quantity\"\u003eQuantity\u003c/a\u003e\u003c/td\u003e\u003ctd/\u003e\u003ctd\u003e\u003cdiv\u003e\u003cp\u003eThe value for this product\u003c/p\u003e\n\u003c/div\u003e\u003c/td\u003e\u003c/tr\u003e\u003ctr\u003e\u003ctd\u003eOUT\u003c/td\u003e\u003ctd\u003ematch.dependsOn\u003c/td\u003e\u003ctd/\u003e\u003ctd\u003e0..*\u003c/td\u003e\u003ctd\u003e\u003c/td\u003e\u003ctd/\u003e\u003ctd\u003e\u003cdiv\u003e\u003cp\u003eAn data value in an additional attribute that this mapping depends on\u003c/p\u003e\n\u003c/div\u003e\u003c/td\u003e\u003c/tr\u003e\u003ctr\u003e\u003ctd\u003eOUT\u003c/td\u003e\u003ctd\u003ematch.dependsOn.attribute\u003c/td\u003e\u003ctd/\u003e\u003ctd\u003e1..1\u003c/td\u003e\u003ctd\u003e\u003ca href\u003d\"datatypes.html#uri\"\u003euri\u003c/a\u003e\u003c/td\u003e\u003ctd/\u003e\u003ctd\u003e\u003cdiv\u003e\u003cp\u003eThe attribute for this product\u003c/p\u003e\n\u003c/div\u003e\u003c/td\u003e\u003c/tr\u003e\u003ctr\u003e\u003ctd\u003eOUT\u003c/td\u003e\u003ctd\u003ematch.dependsOn.value\u003c/td\u003e\u003ctd/\u003e\u003ctd\u003e1..1\u003c/td\u003e\u003ctd\u003e\u003ca href\u003d\"datatypes.html#code\"\u003ecode\u003c/a\u003e | \u003ca href\u003d\"datatypes.html#Coding\"\u003eCoding\u003c/a\u003e | \u003ca href\u003d\"datatypes.html#string\"\u003estring\u003c/a\u003e | \u003ca href\u003d\"datatypes.html#integer\"\u003einteger\u003c/a\u003e | \u003ca href\u003d\"datatypes.html#boolean\"\u003eboolean\u003c/a\u003e | \u003ca href\u003d\"datatypes.html#dateTime\"\u003edateTime\u003c/a\u003e | \u003ca href\u003d\"datatypes.html#decimal\"\u003edecimal\u003c/a\u003e | \u003ca href\u003d\"datatypes.html#uri\"\u003euri\u003c/a\u003e | \u003ca href\u003d\"datatypes.html#id\"\u003eid\u003c/a\u003e\u003c/td\u003e\u003ctd/\u003e\u003ctd\u003e\u003cdiv\u003e\u003cp\u003eThe value for this product\u003c/p\u003e\n\u003c/div\u003e\u003c/td\u003e\u003c/tr\u003e\u003ctr\u003e\u003ctd\u003eOUT\u003c/td\u003e\u003ctd\u003ematch.originMap\u003c/td\u003e\u003ctd/\u003e\u003ctd\u003e0..1\u003c/td\u003e\u003ctd\u003e\u003ca href\u003d\"datatypes.html#uri\"\u003euri\u003c/a\u003e\u003c/td\u003e\u003ctd/\u003e\u003ctd\u003e\u003cdiv\u003e\u003cp\u003eThe canonical reference to the concept map from which this mapping comes from\u003c/p\u003e\n\u003c/div\u003e\u003c/td\u003e\u003c/tr\u003e\u003c/table\u003e\u003c/div\u003e"
  },
  "extension": [
    {
      "url": "http://hl7.org/fhir/StructureDefinition/structuredefinition-fmm",
      "valueInteger": 1
    },
    {
      "url": "http://hl7.org/fhir/StructureDefinition/structuredefinition-standards-status",
      "valueCode": "trial-use"
    }
  ],
  "url": "http://hl7.org/fhir/OperationDefinition/ConceptMap-translate",
  "version": "5.0.0",
  "name": "Translate",
  "title": "Concept Translation",
  "status": "draft",
  "kind": "operation",
  "experimental": false,
  "date": "2023-03-26T15:21:02+11:00",
  "publisher": "HL7 (FHIR Project)",
  "contact": [
    {
      "telecom": [
        {
          "system": "url",
          "value": "http://hl7.org/fhir"
        },
        {
          "system": "email",
          "value": "fhir@lists.hl7.org"
        }
      ]
    }
  ],
  "description": "Translate a code from one value set to another, based on the specified ConceptMap resource. If no ConceptMap resource is specified, then other additional knowledge available to the server may be used. \r\n\r\n One (and only one) of the in parameters (sourceCode, sourceCoding, sourceCodeableConcept, targetCode, targetCoding, or targetCodeableConcept) SHALL be provided, to identify the code that is to be translated.  \r\n\r\n The operation returns a set of parameters including a \u0027result\u0027 for whether there is an acceptable match, and a list of possible matches. Note that the list of matches may include notes of codes for which mapping is specifically excluded (i.e. \u0027not-related-to\u0027), so implementers have to check the target.relationship for each match. If a source* parameter is provided, the $translate operation will return all matches whereby the provided source concept is the source of a mapping relationship (in a specified ConceptMap or otherwise known to the server). If a target* parameter is provided, the $translate operation will return all matches whereby the provided target concept is the target of a mapping relationship (in a specified ConceptMap or otherwise known to the server). Note: The source value set is an optional parameter because in some cases, the client cannot know what the source value set is. However, without a source value set, the server may be unable to safely identify an applicable concept map, and would return an error. For this reason, a source value set SHOULD always be provided. Note that servers may be able to identify an appropriate concept map without a source value set if there is a full mapping for the entire code system in the concept map, or by manual intervention.",
  "jurisdiction": [
    {
      "coding": [
        {
          "system": "http://unstats.un.org/unsd/methods/m49/m49.htm",
          "code": "001",
          "display": "World"
        }
      ]
    }
  ],
  "affectsState": false,
  "code": "translate",
  "resource": [
    "ConceptMap"
  ],
  "system": false,
  "type": true,
  "instance": true,
  "parameter": [
    {
      "name": "url",
      "use": "in",
      "scope": [
        "type"
      ],
      "min": 0,
      "max": "1",
      "documentation": "A canonical URL for a concept map. The server must know the concept map (e.g. it is defined explicitly in the server\u0027s concept maps, or it is defined implicitly by some code system known to the server.",
      "type": "uri"
    },
    {
      "name": "conceptMap",
      "use": "in",
      "scope": [
        "type"
      ],
      "min": 0,
      "max": "1",
      "documentation": "The concept map is provided directly as part of the request. Servers may choose not to accept concept maps in this fashion.",
      "type": "ConceptMap"
    },
    {
      "name": "conceptMapVersion",
      "use": "in",
      "scope": [
        "type"
      ],
      "min": 0,
      "max": "1",
      "documentation": "The identifier that is used to identify a specific version of the concept map to be used for the translation. This is an arbitrary value managed by the concept map author and is not expected to be globally unique. For example, it might be a timestamp (e.g. yyyymmdd) if a managed version is not available.",
      "type": "string"
    },
    {
      "name": "sourceCode",
      "use": "in",
      "min": 0,
      "max": "1",
      "documentation": "The code that is to be translated. If a code is provided, a system must be provided",
      "type": "code"
    },
    {
      "name": "system",
      "use": "in",
      "min": 0,
      "max": "1",
      "documentation": "The system for the code that is to be translated",
      "type": "uri"
    },
    {
      "name": "version",
      "use": "in",
      "min": 0,
      "max": "1",
      "documentation": "The version of the system, if one was provided in the source data",
      "type": "string"
    },
    {
      "name": "sourceScope",
      "use": "in",
      "min": 0,
      "max": "1",
      "documentation": "Limits the scope of the $translate operation to source codes (ConceptMap.group.element.code) that are members of this value set.",
      "type": "uri"
    },
    {
      "name": "sourceCoding",
      "use": "in",
      "min": 0,
      "max": "1",
      "documentation": "A coding to translate",
      "type": "Coding"
    },
    {
      "name": "sourceCodeableConcept",
      "use": "in",
      "min": 0,
      "max": "1",
      "documentation": "A full codeableConcept to validate. The server can translate any of the coding values (e.g. existing translations) as it chooses",
      "type": "CodeableConcept"
    },
    {
      "name": "targetCode",
      "use": "in",
      "min": 0,
      "max": "1",
      "documentation": "The target code that is to be translated to. If a code is provided, a system must be provided",
      "type": "uri"
    },
    {
      "name": "targetCoding",
      "use": "in",
      "min": 0,
      "max": "1",
      "documentation": "A target coding to translate to",
      "type": "uri"
    },
    {
      "name": "targetCodeableConcept",
      "use": "in",
      "min": 0,
      "max": "1",
      "documentation": "A full codeableConcept to validate. The server can translate any of the coding values (e.g. existing translations) as it chooses",
      "type": "uri"
    },
    {
      "name": "targetScope",
      "use": "in",
      "min": 0,
      "max": "1",
      "documentation": "Limits the scope of the $translate operation to target codes (ConceptMap.group.element.target.code) that are members of this value set.",
      "type": "uri"
    },
    {
      "name": "targetSystem",
      "use": "in",
      "min": 0,
      "max": "1",
      "documentation": "identifies a target code system in which a mapping is sought. This parameter is an alternative to the targetScope parameter - only one is required. Searching for any translation to a target code system irrespective of the context (e.g. target valueset) may lead to unsafe results, and it is at the discretion of the server to decide when to support this operation",
      "type": "uri"
    },
    {
      "name": "dependency",
      "use": "in",
      "min": 0,
      "max": "*",
      "documentation": "Data from another attribute that may help produce the correct mapping",
      "part": [
        {
          "name": "attribute",
          "use": "in",
          "min": 0,
          "max": "1",
          "documentation": "The attribute for this dependency",
          "type": "uri"
        },
        {
          "extension": [
            {
              "url": "http://hl7.org/fhir/StructureDefinition/operationdefinition-allowed-type",
              "valueUri": "code"
            },
            {
              "url": "http://hl7.org/fhir/StructureDefinition/operationdefinition-allowed-type",
              "valueUri": "Coding"
            },
            {
              "url": "http://hl7.org/fhir/StructureDefinition/operationdefinition-allowed-type",
              "valueUri": "string"
            },
            {
              "url": "http://hl7.org/fhir/StructureDefinition/operationdefinition-allowed-type",
              "valueUri": "boolean"
            },
            {
              "url": "http://hl7.org/fhir/StructureDefinition/operationdefinition-allowed-type",
              "valueUri": "Quantity"
            }
          ],
          "name": "value",
          "use": "in",
          "min": 0,
          "max": "1",
          "documentation": "The data value for this dependency",
          "type": "Element"
        }
      ]
    },
    {
      "name": "result",
      "use": "out",
      "min": 1,
      "max": "1",
      "documentation": "True if the concept could be translated successfully. The value can only be true if at least one returned match has a relationship other than \u0027not-related-to\u0027.",
      "type": "boolean"
    },
    {
      "name": "message",
      "use": "out",
      "min": 0,
      "max": "1",
      "documentation": "Error details, for display to a human. If this is provided when result \u003d true, the message carries hints and warnings (e.g. a note that the matches could be improved by providing additional detail)",
      "type": "string"
    },
    {
      "name": "match",
      "use": "out",
      "min": 0,
      "max": "*",
      "documentation": "A concept in the target value set with a relationship. Note that there may be multiple matches of equal or differing relationships, and the matches may include the \u0027not-related-to\u0027 relationship value which means that there is no translation",
      "part": [
        {
          "name": "relationship",
          "use": "out",
          "min": 0,
          "max": "1",
          "documentation": "A code indicating the relationship (e.g., equivalent) of the translation, using values from [ConceptMapRelationship](valueset-concept-map-relationship.html)",
          "type": "code"
        },
        {
          "name": "concept",
          "use": "out",
          "min": 0,
          "max": "1",
          "documentation": "The translation outcome. Note that this would never have userSelected \u003d true, since the process of translations implies that the user is not selecting the code (and only the client could know differently)",
          "type": "Coding"
        },
        {
          "name": "property",
          "use": "out",
          "min": 0,
          "max": "*",
          "documentation": "A property of this mapping (may be used to supply for example, mapping priority, provenance, presentation hints, flag as experimental, and additional documentation)",
          "part": [
            {
              "name": "uri",
              "use": "out",
              "min": 1,
              "max": "1",
              "documentation": "The uri that identifies the property",
              "type": "uri"
            },
            {
              "extension": [
                {
                  "url": "http://hl7.org/fhir/StructureDefinition/operationdefinition-allowed-type",
                  "valueUri": "Coding"
                },
                {
                  "url": "http://hl7.org/fhir/StructureDefinition/operationdefinition-allowed-type",
                  "valueUri": "string"
                },
                {
                  "url": "http://hl7.org/fhir/StructureDefinition/operationdefinition-allowed-type",
                  "valueUri": "integer"
                },
                {
                  "url": "http://hl7.org/fhir/StructureDefinition/operationdefinition-allowed-type",
                  "valueUri": "boolean"
                },
                {
                  "url": "http://hl7.org/fhir/StructureDefinition/operationdefinition-allowed-type",
                  "valueUri": "dateTime"
                },
                {
                  "url": "http://hl7.org/fhir/StructureDefinition/operationdefinition-allowed-type",
                  "valueUri": "decimal"
                },
                {
                  "url": "http://hl7.org/fhir/StructureDefinition/operationdefinition-allowed-type",
                  "valueUri": "code"
                }
              ],
              "name": "value",
              "use": "out",
              "min": 1,
              "max": "1",
              "documentation": "The value of the property",
              "type": "Element"
            }
          ]
        },
        {
          "name": "product",
          "use": "out",
          "min": 0,
          "max": "*",
          "documentation": "A data value to go in an attribute that is the product of this mapping",
          "part": [
            {
              "name": "attribute",
              "use": "out",
              "min": 1,
              "max": "1",
              "documentation": "The attribute for this product",
              "type": "uri"
            },
            {
              "extension": [
                {
                  "url": "http://hl7.org/fhir/StructureDefinition/operationdefinition-allowed-type",
                  "valueUri": "code"
                },
                {
                  "url": "http://hl7.org/fhir/StructureDefinition/operationdefinition-allowed-type",
                  "valueUri": "Coding"
                },
                {
                  "url": "http://hl7.org/fhir/StructureDefinition/operationdefinition-allowed-type",
                  "valueUri": "string"
                },
                {
                  "url": "http://hl7.org/fhir/StructureDefinition/operationdefinition-allowed-type",
                  "valueUri": "boolean"
                },
                {
                  "url": "http://hl7.org/fhir/StructureDefinition/operationdefinition-allowed-type",
                  "valueUri": "Quantity"
                }
              ],
              "name": "value",
              "use": "out",
              "min": 1,
              "max": "1",
              "documentation": "The value for this product",
              "type": "Element"
            }
          ]
        },
        {
          "name": "dependsOn",
          "use": "out",
          "min": 0,
          "max": "*",
          "documentation": "An data value in an additional attribute that this mapping depends on",
          "part": [
            {
              "name": "attribute",
              "use": "out",
              "min": 1,
              "max": "1",
              "documentation": "The attribute for this product",
              "type": "uri"
            },
            {
              "extension": [
                {
                  "url": "http://hl7.org/fhir/StructureDefinition/operationdefinition-allowed-type",
                  "valueUri": "code"
                },
                {
                  "url": "http://hl7.org/fhir/StructureDefinition/operationdefinition-allowed-type",
                  "valueUri": "Coding"
                },
                {
                  "url": "http://hl7.org/fhir/StructureDefinition/operationdefinition-allowed-type",
                  "valueUri": "string"
                },
                {
                  "url": "http://hl7.org/fhir/StructureDefinition/operationdefinition-allowed-type",
                  "valueUri": "integer"
                },
                {
                  "url": "http://hl7.org/fhir/StructureDefinition/operationdefinition-allowed-type",
                  "valueUri": "boolean"
                },
                {
                  "url": "http://hl7.org/fhir/StructureDefinition/operationdefinition-allowed-type",
                  "valueUri": "dateTime"
                },
                {
                  "url": "http://hl7.org/fhir/StructureDefinition/operationdefinition-allowed-type",
                  "valueUri": "decimal"
                },
                {
                  "url": "http://hl7.org/fhir/StructureDefinition/operationdefinition-allowed-type",
                  "valueUri": "uri"
                },
                {
                  "url": "http://hl7.org/fhir/StructureDefinition/operationdefinition-allowed-type",
                  "valueUri": "id"
                }
              ],
              "name": "value",
              "use": "out",
              "min": 1,
              "max": "1",
              "documentation": "The value for this product",
              "type": "Element"
            }
          ]
        },
        {
          "name": "originMap",
          "use": "out",
          "min": 0,
          "max": "1",
          "documentation": "The canonical reference to the concept map from which this mapping comes from",
          "type": "uri"
        }
      ]
    }
  ]
}