{
  "resourceType": "Questionnaire",
  "id": "qgen-publishablenamingsystem1",
  "contained": [
    {
      "resourceType": "ValueSet",
      "id": "vs2",
      "name": "Type options for NamingSystem.versionAlgorithm[x]",
      "status": "active",
      "description": "Type options for NamingSystem.versionAlgorithm[x]",
      "expansion": {
        "identifier": "urn:uuid:f7cbeabf-d02b-4dfb-aca2-73f9d1307c29",
        "timestamp": "2023-03-26T15:25:27+11:00",
        "contains": [
          {
            "system": "http://hl7.org/fhir/fhir-types",
            "code": "string",
            "display": "string"
          },
          {
            "system": "http://hl7.org/fhir/fhir-types",
            "code": "Coding",
            "display": "Coding"
          }
        ]
      }
    }
  ],
  "url": "http://hl7.org/fhir/Questionnaire/qgen-publishablenamingsystem1",
  "identifier": [
    {
      "system": "urn:ietf:rfc:3986"
    }
  ],
  "version": "5.0.0",
  "status": "draft",
  "experimental": false,
  "date": "2020-12-28T16:55:11+11:00",
  "publisher": "HL7",
  "item": [
    {
      "extension": [
        {
          "url": "http://hl7.org/fhir/StructureDefinition/questionnaire-minOccurs",
          "valueInteger": 1
        },
        {
          "url": "http://hl7.org/fhir/StructureDefinition/questionnaire-maxOccurs",
          "valueInteger": 1
        }
      ],
      "linkId": "NamingSystem",
      "text": "System of unique identification",
      "type": "group",
      "required": true,
      "repeats": false,
      "item": [
        {
          "extension": [
            {
              "url": "http://hl7.org/fhir/StructureDefinition/questionnaire-itemControl",
              "valueCodeableConcept": {
                "coding": [
                  {
                    "system": "http://hl7.org/fhir/questionnaire-item-control",
                    "code": "flyover",
                    "display": "Fly-over"
                  }
                ]
              }
            }
          ],
          "linkId": "NamingSystem-flyover",
          "text": "A curated namespace that issues unique symbols within that namespace for the identification of concepts, people, devices, etc.  Represents a \"System\" used within the Identifier and Coding data types.",
          "type": "display"
        },
        {
          "extension": [
            {
              "url": "http://hl7.org/fhir/StructureDefinition/questionnaire-maxOccurs",
              "valueInteger": 1
            },
            {
              "url": "http://hl7.org/fhir/StructureDefinition/questionnaire-fhirType",
              "valueString": "string"
            }
          ],
          "linkId": "NamingSystem.id",
          "type": "group",
          "required": false,
          "repeats": true,
          "item": [
            {
              "extension": [
                {
                  "url": "http://hl7.org/fhir/StructureDefinition/questionnaire-itemControl",
                  "valueCodeableConcept": {
                    "coding": [
                      {
                        "system": "http://hl7.org/fhir/questionnaire-item-control",
                        "code": "flyover",
                        "display": "Fly-over"
                      }
                    ]
                  }
                }
              ],
              "linkId": "NamingSystem.id-flyover",
              "text": "The logical id of the resource, as used in the URL for the resource. Once assigned, this value never changes. Within the context of the FHIR RESTful interactions, the resource has an id except for cases like the create and conditional update. Otherwise, the use of the resouce id depends on the given use case.",
              "type": "display"
            },
            {
              "linkId": "NamingSystem.id.value",
              "text": "Logical id of this artifact",
              "type": "string",
              "required": false,
              "repeats": false
            }
          ]
        },
        {
          "extension": [
            {
              "url": "http://hl7.org/fhir/StructureDefinition/questionnaire-maxOccurs",
              "valueInteger": 1
            }
          ],
          "linkId": "NamingSystem.meta",
          "text": "Metadata about the resource",
          "type": "group",
          "required": false,
          "repeats": true,
          "item": [
            {
              "extension": [
                {
                  "url": "http://hl7.org/fhir/StructureDefinition/questionnaire-itemControl",
                  "valueCodeableConcept": {
                    "coding": [
                      {
                        "system": "http://hl7.org/fhir/questionnaire-item-control",
                        "code": "flyover",
                        "display": "Fly-over"
                      }
                    ]
                  }
                }
              ],
              "linkId": "NamingSystem.meta-flyover",
              "text": "The metadata about the resource. This is content that is maintained by the infrastructure. Changes to the content might not always be associated with version changes to the resource.",
              "type": "display"
            }
          ]
        },
        {
          "extension": [
            {
              "url": "http://hl7.org/fhir/StructureDefinition/questionnaire-maxOccurs",
              "valueInteger": 1
            },
            {
              "url": "http://hl7.org/fhir/StructureDefinition/questionnaire-fhirType",
              "valueString": "uri"
            }
          ],
          "linkId": "NamingSystem.implicitRules",
          "type": "group",
          "required": false,
          "repeats": true,
          "item": [
            {
              "extension": [
                {
                  "url": "http://hl7.org/fhir/StructureDefinition/questionnaire-itemControl",
                  "valueCodeableConcept": {
                    "coding": [
                      {
                        "system": "http://hl7.org/fhir/questionnaire-item-control",
                        "code": "flyover",
                        "display": "Fly-over"
                      }
                    ]
                  }
                }
              ],
              "linkId": "NamingSystem.implicitRules-flyover",
              "text": "A reference to a set of rules that were followed when the resource was constructed, and which must be understood when processing the content. Often, this is a reference to an implementation guide that defines the special rules along with other profiles etc. Asserting this rule set restricts the content to be only understood by a limited set of trading partners. This inherently limits the usefulness of the data in the long term. However, the existing health eco-system is highly fractured, and not yet ready to define, collect, and exchange data in a generally computable sense. Wherever possible, implementers and/or specification writers should avoid using this element. Often, when used, the URL is a reference to an implementation guide that defines these special rules as part of its narrative along with other profiles, value sets, etc.",
              "type": "display"
            },
            {
              "linkId": "NamingSystem.implicitRules.value",
              "text": "A set of rules under which this content was created",
              "type": "string",
              "required": false,
              "repeats": false
            }
          ]
        },
        {
          "extension": [
            {
              "url": "http://hl7.org/fhir/StructureDefinition/questionnaire-maxOccurs",
              "valueInteger": 1
            },
            {
              "url": "http://hl7.org/fhir/StructureDefinition/questionnaire-fhirType",
              "valueString": "code"
            }
          ],
          "linkId": "NamingSystem.language",
          "type": "group",
          "required": false,
          "repeats": true,
          "item": [
            {
              "extension": [
                {
                  "url": "http://hl7.org/fhir/StructureDefinition/questionnaire-itemControl",
                  "valueCodeableConcept": {
                    "coding": [
                      {
                        "system": "http://hl7.org/fhir/questionnaire-item-control",
                        "code": "flyover",
                        "display": "Fly-over"
                      }
                    ]
                  }
                }
              ],
              "linkId": "NamingSystem.language-flyover",
              "text": "The base language in which the resource is written. Language is provided to support indexing and accessibility (typically, services such as text to speech use the language tag). The html language tag in the narrative applies  to the narrative. The language tag on the resource may be used to specify the language of other presentations generated from the data in the resource. Not all the content has to be in the base language. The Resource.language should not be assumed to apply to the narrative automatically. If a language is specified, it should it also be specified on the div element in the html (see rules in HTML5 for information about the relationship between xml:lang and the html lang attribute).",
              "type": "display"
            },
            {
              "linkId": "NamingSystem.language.value",
              "text": "language",
              "type": "coding",
              "required": false,
              "repeats": false,
              "answerConstraint": "optionsOrType"
            }
          ]
        },
        {
          "extension": [
            {
              "url": "http://hl7.org/fhir/StructureDefinition/questionnaire-maxOccurs",
              "valueInteger": 1
            }
          ],
          "linkId": "NamingSystem.text",
          "text": "Text summary of the resource, for human interpretation",
          "type": "group",
          "required": false,
          "repeats": true,
          "item": [
            {
              "extension": [
                {
                  "url": "http://hl7.org/fhir/StructureDefinition/questionnaire-itemControl",
                  "valueCodeableConcept": {
                    "coding": [
                      {
                        "system": "http://hl7.org/fhir/questionnaire-item-control",
                        "code": "flyover",
                        "display": "Fly-over"
                      }
                    ]
                  }
                }
              ],
              "linkId": "NamingSystem.text-flyover",
              "text": "A human-readable narrative that contains a summary of the resource and can be used to represent the content of the resource to a human. The narrative need not encode all the structured data, but is required to contain sufficient detail to make it \"clinically safe\" for a human to just read the narrative. Resource definitions may define what content should be represented in the narrative to ensure clinical safety. Contained resources do not have a narrative. Resources that are not contained SHOULD have a narrative. In some cases, a resource may only have text with little or no additional discrete data (as long as all minOccurs\u003d1 elements are satisfied).  This may be necessary for data from legacy systems where information is captured as a \"text blob\" or where text is additionally entered raw or narrated and encoded information is added later.",
              "type": "display"
            }
          ]
        },
        {
          "linkId": "NamingSystem.contained",
          "text": "Contained, inline Resources",
          "type": "group",
          "required": false,
          "repeats": true,
          "item": [
            {
              "extension": [
                {
                  "url": "http://hl7.org/fhir/StructureDefinition/questionnaire-itemControl",
                  "valueCodeableConcept": {
                    "coding": [
                      {
                        "system": "http://hl7.org/fhir/questionnaire-item-control",
                        "code": "flyover",
                        "display": "Fly-over"
                      }
                    ]
                  }
                }
              ],
              "linkId": "NamingSystem.contained-flyover",
              "text": "These resources do not have an independent existence apart from the resource that contains them - they cannot be identified independently, nor can they have their own independent transaction scope. This is allowed to be a Parameters resource if and only if it is referenced by a resource that provides context/meaning. This should never be done when the content can be identified properly, as once identification is lost, it is extremely difficult (and context dependent) to restore it again. Contained resources may have profiles and tags in their meta elements, but SHALL NOT have security labels.",
              "type": "display"
            }
          ]
        },
        {
          "linkId": "NamingSystem.extension",
          "text": "Extension",
          "type": "group",
          "required": false,
          "repeats": true,
          "item": [
            {
              "extension": [
                {
                  "url": "http://hl7.org/fhir/StructureDefinition/questionnaire-itemControl",
                  "valueCodeableConcept": {
                    "coding": [
                      {
                        "system": "http://hl7.org/fhir/questionnaire-item-control",
                        "code": "flyover",
                        "display": "Fly-over"
                      }
                    ]
                  }
                }
              ],
              "linkId": "NamingSystem.extension-flyover",
              "text": "An Extension",
              "type": "display"
            }
          ]
        },
        {
          "linkId": "NamingSystem.modifierExtension",
          "text": "Extensions that cannot be ignored",
          "type": "group",
          "required": false,
          "repeats": true,
          "item": [
            {
              "extension": [
                {
                  "url": "http://hl7.org/fhir/StructureDefinition/questionnaire-itemControl",
                  "valueCodeableConcept": {
                    "coding": [
                      {
                        "system": "http://hl7.org/fhir/questionnaire-item-control",
                        "code": "flyover",
                        "display": "Fly-over"
                      }
                    ]
                  }
                }
              ],
              "linkId": "NamingSystem.modifierExtension-flyover",
              "text": "May be used to represent additional information that is not part of the basic definition of the resource and that modifies the understanding of the element that contains it and/or the understanding of the containing element\u0027s descendants. Usually modifier elements provide negation or qualification. To make the use of extensions safe and managable, there is a strict set of governance applied to the definition and use of extensions. Though any implementer is allowed to define an extension, there is a set of requirements that SHALL be met as part of the definition of the extension. Applications processing a resource are required to check for modifier extensions.\n\nModifier extensions SHALL NOT change the meaning of any elements on Resource or DomainResource (including cannot change the meaning of modifierExtension itself). There can be no stigma associated with the use of extensions by any application, project, or standard - regardless of the institution or jurisdiction that uses or defines the extensions.  The use of extensions is what allows the FHIR specification to retain a core level of simplicity for everyone.",
              "type": "display"
            }
          ]
        },
        {
          "extension": [
            {
              "url": "http://hl7.org/fhir/StructureDefinition/questionnaire-minOccurs",
              "valueInteger": 1
            },
            {
              "url": "http://hl7.org/fhir/StructureDefinition/questionnaire-maxOccurs",
              "valueInteger": 1
            },
            {
              "url": "http://hl7.org/fhir/StructureDefinition/questionnaire-fhirType",
              "valueString": "uri"
            }
          ],
          "linkId": "NamingSystem.url",
          "type": "group",
          "required": true,
          "repeats": true,
          "item": [
            {
              "extension": [
                {
                  "url": "http://hl7.org/fhir/StructureDefinition/questionnaire-itemControl",
                  "valueCodeableConcept": {
                    "coding": [
                      {
                        "system": "http://hl7.org/fhir/questionnaire-item-control",
                        "code": "flyover",
                        "display": "Fly-over"
                      }
                    ]
                  }
                }
              ],
              "linkId": "NamingSystem.url-flyover",
              "text": "An absolute URI that is used to identify this naming system when it is referenced in a specification, model, design or an instance; also called its canonical identifier. This SHOULD be globally unique and SHOULD be a literal address at which an authoritative instance of this naming system is (or will be) published. This URL can be the target of a canonical reference. It SHALL remain the same when the naming system is stored on different servers. Can be a urn:uuid: or a urn:oid: but real http: addresses are preferred.  Multiple instances may share the same URL if they have a distinct version.\n\nThe determination of when to create a new version of a resource (same url, new version) vs. defining a new artifact is up to the author.  Considerations for making this decision are found in [Technical and Business Versions](resource.html#versions). \n\nIn some cases, the resource can no longer be found at the stated url, but the url itself cannot change. Implementations can use the [meta.source](resource.html#meta) element to indicate where the current master source of the resource can be found.",
              "type": "display"
            },
            {
              "linkId": "NamingSystem.url.value",
              "text": "Canonical identifier for this naming system, represented as a URI (globally unique)",
              "type": "string",
              "required": false,
              "repeats": false
            }
          ]
        },
        {
          "extension": [
            {
              "url": "http://hl7.org/fhir/StructureDefinition/questionnaire-fhirType",
              "valueString": "Identifier"
            }
          ],
          "linkId": "NamingSystem.identifier",
          "text": "Additional identifier for the naming system (business identifier)",
          "type": "group",
          "required": false,
          "repeats": true,
          "item": [
            {
              "extension": [
                {
                  "url": "http://hl7.org/fhir/StructureDefinition/questionnaire-itemControl",
                  "valueCodeableConcept": {
                    "coding": [
                      {
                        "system": "http://hl7.org/fhir/questionnaire-item-control",
                        "code": "flyover",
                        "display": "Fly-over"
                      }
                    ]
                  }
                }
              ],
              "linkId": "NamingSystem.identifier-flyover",
              "text": "A formal identifier that is used to identify this naming system when it is represented in other formats, or referenced in a specification, model, design or an instance. Typically, this is used for identifiers that can go in an HL7 V3 II (instance identifier) data type, and can then identify this naming system outside of FHIR, where it is not possible to use the logical URI.",
              "type": "display"
            },
            {
              "linkId": "NamingSystem.identifier.label",
              "text": "label:",
              "type": "string",
              "required": false,
              "repeats": false
            },
            {
              "linkId": "NamingSystem.identifier.system",
              "text": "system:",
              "type": "string",
              "required": false,
              "repeats": false
            },
            {
              "linkId": "NamingSystem.identifier.value",
              "text": "value:",
              "type": "string",
              "required": false,
              "repeats": false
            }
          ]
        },
        {
          "extension": [
            {
              "url": "http://hl7.org/fhir/StructureDefinition/questionnaire-minOccurs",
              "valueInteger": 1
            },
            {
              "url": "http://hl7.org/fhir/StructureDefinition/questionnaire-maxOccurs",
              "valueInteger": 1
            },
            {
              "url": "http://hl7.org/fhir/StructureDefinition/questionnaire-fhirType",
              "valueString": "string"
            }
          ],
          "linkId": "NamingSystem.version",
          "type": "group",
          "required": true,
          "repeats": true,
          "item": [
            {
              "extension": [
                {
                  "url": "http://hl7.org/fhir/StructureDefinition/questionnaire-itemControl",
                  "valueCodeableConcept": {
                    "coding": [
                      {
                        "system": "http://hl7.org/fhir/questionnaire-item-control",
                        "code": "flyover",
                        "display": "Fly-over"
                      }
                    ]
                  }
                }
              ],
              "linkId": "NamingSystem.version-flyover",
              "text": "The identifier that is used to identify this version of the naming system when it is referenced in a specification, model, design or instance. This is an arbitrary value managed by the naming system author and is not expected to be globally unique. For example, it might be a timestamp (e.g. yyyymmdd) if a managed version is not available. There is also no expectation that versions can be placed in a lexicographical sequence. There may be different naming system instances that have the same identifier but different versions.  The version can be appended to the url in a reference to allow a reference to a particular business version of the naming system with the format [url]|[version]. The version SHOULD NOT contain a \u0027#\u0027 - see [Business Version](resource.html#bv-format).",
              "type": "display"
            },
            {
              "linkId": "NamingSystem.version.value",
              "text": "Business version of the naming system",
              "type": "string",
              "required": false,
              "repeats": false
            }
          ]
        },
        {
          "extension": [
            {
              "url": "http://hl7.org/fhir/StructureDefinition/questionnaire-maxOccurs",
              "valueInteger": 1
            }
          ],
          "linkId": "NamingSystem.versionAlgorithm[x]",
          "text": "How to compare versions",
          "type": "group",
          "required": false,
          "repeats": true,
          "item": [
            {
              "extension": [
                {
                  "url": "http://hl7.org/fhir/StructureDefinition/questionnaire-itemControl",
                  "valueCodeableConcept": {
                    "coding": [
                      {
                        "system": "http://hl7.org/fhir/questionnaire-item-control",
                        "code": "flyover",
                        "display": "Fly-over"
                      }
                    ]
                  }
                }
              ],
              "linkId": "NamingSystem.versionAlgorithm[x]-flyover",
              "text": "Indicates the mechanism used to compare versions to determine which NamingSystem is more current. If set as a string, this is a FHIRPath expression that has two additional context variables passed in - %version1 and %version2 and will return a negative number if version1 is newer, a positive number if version2 and a 0 if the version ordering can\u0027t be successfully be determined.",
              "type": "display"
            },
            {
              "linkId": "NamingSystem.versionAlgorithm[x]._type",
              "text": "type",
              "type": "coding",
              "required": false,
              "repeats": false,
              "answerConstraint": "optionsOnly",
              "answerValueSet": "#vs2",
              "item": [
                {
                  "extension": [
                    {
                      "url": "http://hl7.org/fhir/StructureDefinition/questionnaire-fhirType",
                      "valueString": "string"
                    }
                  ],
                  "linkId": "NamingSystem.versionAlgorithm[x]._null",
                  "type": "group",
                  "item": [
                    {
                      "linkId": "NamingSystem.versionAlgorithm[x]._null.value",
                      "type": "string",
                      "required": false,
                      "repeats": false
                    }
                  ]
                },
                {
                  "extension": [
                    {
                      "url": "http://hl7.org/fhir/StructureDefinition/questionnaire-fhirType",
                      "valueString": "Coding"
                    }
                  ],
                  "linkId": "NamingSystem.versionAlgorithm[x]._null",
                  "type": "group",
                  "item": [
                    {
                      "linkId": "NamingSystem.versionAlgorithm[x]._null.value",
                      "type": "coding",
                      "required": false,
                      "repeats": false,
                      "answerConstraint": "optionsOnly"
                    }
                  ]
                }
              ]
            }
          ]
        },
        {
          "extension": [
            {
              "url": "http://hl7.org/fhir/StructureDefinition/questionnaire-minOccurs",
              "valueInteger": 1
            },
            {
              "url": "http://hl7.org/fhir/StructureDefinition/questionnaire-maxOccurs",
              "valueInteger": 1
            },
            {
              "url": "http://hl7.org/fhir/StructureDefinition/questionnaire-fhirType",
              "valueString": "string"
            }
          ],
          "linkId": "NamingSystem.name",
          "type": "group",
          "required": true,
          "repeats": true,
          "item": [
            {
              "extension": [
                {
                  "url": "http://hl7.org/fhir/StructureDefinition/questionnaire-itemControl",
                  "valueCodeableConcept": {
                    "coding": [
                      {
                        "system": "http://hl7.org/fhir/questionnaire-item-control",
                        "code": "flyover",
                        "display": "Fly-over"
                      }
                    ]
                  }
                }
              ],
              "linkId": "NamingSystem.name-flyover",
              "text": "A natural language name identifying the naming system. This name should be usable as an identifier for the module by machine processing applications such as code generation. The name is not expected to be globally unique. The name should be a simple alphanumeric type name to ensure that it is machine-processing friendly.The\"symbolic name\" for an OID would be captured as an extension.",
              "type": "display"
            },
            {
              "linkId": "NamingSystem.name.value",
              "text": "Name for this naming system (computer friendly)",
              "type": "string",
              "required": false,
              "repeats": false
            }
          ]
        },
        {
          "extension": [
            {
              "url": "http://hl7.org/fhir/StructureDefinition/questionnaire-minOccurs",
              "valueInteger": 1
            },
            {
              "url": "http://hl7.org/fhir/StructureDefinition/questionnaire-maxOccurs",
              "valueInteger": 1
            },
            {
              "url": "http://hl7.org/fhir/StructureDefinition/questionnaire-fhirType",
              "valueString": "string"
            }
          ],
          "linkId": "NamingSystem.title",
          "type": "group",
          "required": true,
          "repeats": true,
          "item": [
            {
              "extension": [
                {
                  "url": "http://hl7.org/fhir/StructureDefinition/questionnaire-itemControl",
                  "valueCodeableConcept": {
                    "coding": [
                      {
                        "system": "http://hl7.org/fhir/questionnaire-item-control",
                        "code": "flyover",
                        "display": "Fly-over"
                      }
                    ]
                  }
                }
              ],
              "linkId": "NamingSystem.title-flyover",
              "text": "A short, descriptive, user-friendly title for the naming system. This title does not need to be machine-processing friendly and may contain punctuation, white-space, etc.",
              "type": "display"
            },
            {
              "linkId": "NamingSystem.title.value",
              "text": "Title for this naming system (human friendly)",
              "type": "string",
              "required": false,
              "repeats": false
            }
          ]
        },
        {
          "extension": [
            {
              "url": "http://hl7.org/fhir/StructureDefinition/questionnaire-minOccurs",
              "valueInteger": 1
            },
            {
              "url": "http://hl7.org/fhir/StructureDefinition/questionnaire-maxOccurs",
              "valueInteger": 1
            },
            {
              "url": "http://hl7.org/fhir/StructureDefinition/questionnaire-fhirType",
              "valueString": "code"
            }
          ],
          "linkId": "NamingSystem.status",
          "type": "group",
          "required": true,
          "repeats": true,
          "item": [
            {
              "extension": [
                {
                  "url": "http://hl7.org/fhir/StructureDefinition/questionnaire-itemControl",
                  "valueCodeableConcept": {
                    "coding": [
                      {
                        "system": "http://hl7.org/fhir/questionnaire-item-control",
                        "code": "flyover",
                        "display": "Fly-over"
                      }
                    ]
                  }
                }
              ],
              "linkId": "NamingSystem.status-flyover",
              "text": "The status of this naming system. Enables tracking the life-cycle of the content. Allows filtering of naming systems that are appropriate for use versus not.\n\nSee guidance around (not) making local changes to elements [here](canonicalresource.html#localization).",
              "type": "display"
            },
            {
              "linkId": "NamingSystem.status.value",
              "text": "status",
              "type": "coding",
              "required": false,
              "repeats": false,
              "answerConstraint": "optionsOrType"
            }
          ]
        },
        {
          "extension": [
            {
              "url": "http://hl7.org/fhir/StructureDefinition/questionnaire-minOccurs",
              "valueInteger": 1
            },
            {
              "url": "http://hl7.org/fhir/StructureDefinition/questionnaire-maxOccurs",
              "valueInteger": 1
            },
            {
              "url": "http://hl7.org/fhir/StructureDefinition/questionnaire-fhirType",
              "valueString": "code"
            }
          ],
          "linkId": "NamingSystem.kind",
          "type": "group",
          "required": true,
          "repeats": true,
          "item": [
            {
              "extension": [
                {
                  "url": "http://hl7.org/fhir/StructureDefinition/questionnaire-itemControl",
                  "valueCodeableConcept": {
                    "coding": [
                      {
                        "system": "http://hl7.org/fhir/questionnaire-item-control",
                        "code": "flyover",
                        "display": "Fly-over"
                      }
                    ]
                  }
                }
              ],
              "linkId": "NamingSystem.kind-flyover",
              "text": "Indicates the purpose for the naming system - what kinds of things does it make unique?",
              "type": "display"
            },
            {
              "linkId": "NamingSystem.kind.value",
              "text": "kind",
              "type": "coding",
              "required": false,
              "repeats": false,
              "answerConstraint": "optionsOrType"
            }
          ]
        },
        {
          "extension": [
            {
              "url": "http://hl7.org/fhir/StructureDefinition/questionnaire-maxOccurs",
              "valueInteger": 1
            },
            {
              "url": "http://hl7.org/fhir/StructureDefinition/questionnaire-fhirType",
              "valueString": "boolean"
            }
          ],
          "linkId": "NamingSystem.experimental",
          "type": "group",
          "required": false,
          "repeats": true,
          "item": [
            {
              "extension": [
                {
                  "url": "http://hl7.org/fhir/StructureDefinition/questionnaire-itemControl",
                  "valueCodeableConcept": {
                    "coding": [
                      {
                        "system": "http://hl7.org/fhir/questionnaire-item-control",
                        "code": "flyover",
                        "display": "Fly-over"
                      }
                    ]
                  }
                }
              ],
              "linkId": "NamingSystem.experimental-flyover",
              "text": "A Boolean value to indicate that this naming system is authored for testing purposes (or education/evaluation/marketing) and is not intended to be used for genuine usage. Allows filtering of naming systems that are appropriate for use versus not.",
              "type": "display"
            },
            {
              "linkId": "NamingSystem.experimental.value",
              "text": "For testing purposes, not real usage",
              "type": "boolean",
              "required": false,
              "repeats": false
            }
          ]
        },
        {
          "extension": [
            {
              "url": "http://hl7.org/fhir/StructureDefinition/questionnaire-minOccurs",
              "valueInteger": 1
            },
            {
              "url": "http://hl7.org/fhir/StructureDefinition/questionnaire-maxOccurs",
              "valueInteger": 1
            },
            {
              "url": "http://hl7.org/fhir/StructureDefinition/questionnaire-fhirType",
              "valueString": "datetime"
            }
          ],
          "linkId": "NamingSystem.date",
          "type": "group",
          "required": true,
          "repeats": true,
          "item": [
            {
              "extension": [
                {
                  "url": "http://hl7.org/fhir/StructureDefinition/questionnaire-itemControl",
                  "valueCodeableConcept": {
                    "coding": [
                      {
                        "system": "http://hl7.org/fhir/questionnaire-item-control",
                        "code": "flyover",
                        "display": "Fly-over"
                      }
                    ]
                  }
                }
              ],
              "linkId": "NamingSystem.date-flyover",
              "text": "The date  (and optionally time) when the naming system was last significantly changed. The date must change when the business version changes and it must change if the status code changes. In addition, it should change when the substantive content of the naming system changes. The date is often not tracked until the resource is published, but may be present on draft content. Note that this is not the same as the resource last-modified-date, since the resource may be a secondary representation of the naming system. Additional specific dates may be added as extensions or be found by consulting Provenances associated with past versions of the resource.\n\nSee guidance around (not) making local changes to elements [here](canonicalresource.html#localization).",
              "type": "display"
            },
            {
              "linkId": "NamingSystem.date.value",
              "text": "Date last changed",
              "type": "dateTime",
              "required": false,
              "repeats": false
            }
          ]
        },
        {
          "extension": [
            {
              "url": "http://hl7.org/fhir/StructureDefinition/questionnaire-maxOccurs",
              "valueInteger": 1
            },
            {
              "url": "http://hl7.org/fhir/StructureDefinition/questionnaire-fhirType",
              "valueString": "string"
            }
          ],
          "linkId": "NamingSystem.publisher",
          "type": "group",
          "required": false,
          "repeats": true,
          "item": [
            {
              "extension": [
                {
                  "url": "http://hl7.org/fhir/StructureDefinition/questionnaire-itemControl",
                  "valueCodeableConcept": {
                    "coding": [
                      {
                        "system": "http://hl7.org/fhir/questionnaire-item-control",
                        "code": "flyover",
                        "display": "Fly-over"
                      }
                    ]
                  }
                }
              ],
              "linkId": "NamingSystem.publisher-flyover",
              "text": "The name of the organization or individual responsible for the release and ongoing maintenance of the naming system. Usually an organization but may be an individual. The publisher (or steward) of the naming system is the organization or individual primarily responsible for the maintenance and upkeep of the naming system. This is not necessarily the same individual or organization that developed and initially authored the content. The publisher is the primary point of contact for questions or issues with the naming system. This item SHOULD be populated unless the information is available from context.",
              "type": "display"
            },
            {
              "linkId": "NamingSystem.publisher.value",
              "text": "Name of the publisher/steward (organization or individual)",
              "type": "string",
              "required": false,
              "repeats": false
            }
          ]
        },
        {
          "linkId": "NamingSystem.contact",
          "text": "Contact details for the publisher",
          "type": "group",
          "required": false,
          "repeats": true,
          "item": [
            {
              "linkId": "NamingSystem.contact-display",
              "text": "May be a web site, an email address, a telephone number, etc.\n\nSee guidance around (not) making local changes to elements [here](canonicalresource.html#localization).",
              "type": "display"
            },
            {
              "extension": [
                {
                  "url": "http://hl7.org/fhir/StructureDefinition/questionnaire-itemControl",
                  "valueCodeableConcept": {
                    "coding": [
                      {
                        "system": "http://hl7.org/fhir/questionnaire-item-control",
                        "code": "flyover",
                        "display": "Fly-over"
                      }
                    ]
                  }
                }
              ],
              "linkId": "NamingSystem.contact-flyover",
              "text": "Contact details to assist a user in finding and communicating with the publisher.",
              "type": "display"
            }
          ]
        },
        {
          "extension": [
            {
              "url": "http://hl7.org/fhir/StructureDefinition/questionnaire-maxOccurs",
              "valueInteger": 1
            },
            {
              "url": "http://hl7.org/fhir/StructureDefinition/questionnaire-fhirType",
              "valueString": "string"
            }
          ],
          "linkId": "NamingSystem.responsible",
          "type": "group",
          "required": false,
          "repeats": true,
          "item": [
            {
              "extension": [
                {
                  "url": "http://hl7.org/fhir/StructureDefinition/questionnaire-itemControl",
                  "valueCodeableConcept": {
                    "coding": [
                      {
                        "system": "http://hl7.org/fhir/questionnaire-item-control",
                        "code": "flyover",
                        "display": "Fly-over"
                      }
                    ]
                  }
                }
              ],
              "linkId": "NamingSystem.responsible-flyover",
              "text": "The name of the organization that is responsible for issuing identifiers or codes for this namespace and ensuring their non-collision. This is the primary organization.  Responsibility for some aspects of a namespace may be delegated.",
              "type": "display"
            },
            {
              "linkId": "NamingSystem.responsible.value",
              "text": "Who maintains system namespace?",
              "type": "string",
              "required": false,
              "repeats": false
            }
          ]
        },
        {
          "extension": [
            {
              "url": "http://hl7.org/fhir/StructureDefinition/questionnaire-maxOccurs",
              "valueInteger": 1
            },
            {
              "url": "http://hl7.org/fhir/StructureDefinition/questionnaire-fhirType",
              "valueString": "CodeableConcept"
            }
          ],
          "linkId": "NamingSystem.type",
          "text": "e.g. driver,  provider,  patient, bank etc",
          "type": "group",
          "required": false,
          "repeats": true,
          "item": [
            {
              "extension": [
                {
                  "url": "http://hl7.org/fhir/StructureDefinition/questionnaire-itemControl",
                  "valueCodeableConcept": {
                    "coding": [
                      {
                        "system": "http://hl7.org/fhir/questionnaire-item-control",
                        "code": "flyover",
                        "display": "Fly-over"
                      }
                    ]
                  }
                }
              ],
              "linkId": "NamingSystem.type-flyover",
              "text": "Categorizes a naming system for easier search by grouping related naming systems. This will most commonly be used for identifier namespaces, but categories could potentially be useful for code systems and authorities as well.",
              "type": "display"
            },
            {
              "linkId": "NamingSystem.type.coding",
              "text": "code:",
              "type": "coding",
              "required": false,
              "repeats": false,
              "answerConstraint": "optionsOnly"
            },
            {
              "linkId": "NamingSystem.type.text",
              "text": "text:",
              "type": "string",
              "required": false,
              "repeats": false
            }
          ]
        },
        {
          "extension": [
            {
              "url": "http://hl7.org/fhir/StructureDefinition/questionnaire-minOccurs",
              "valueInteger": 1
            },
            {
              "url": "http://hl7.org/fhir/StructureDefinition/questionnaire-maxOccurs",
              "valueInteger": 1
            },
            {
              "url": "http://hl7.org/fhir/StructureDefinition/questionnaire-fhirType",
              "valueString": "string"
            }
          ],
          "linkId": "NamingSystem.description",
          "type": "group",
          "required": true,
          "repeats": true,
          "item": [
            {
              "extension": [
                {
                  "url": "http://hl7.org/fhir/StructureDefinition/questionnaire-itemControl",
                  "valueCodeableConcept": {
                    "coding": [
                      {
                        "system": "http://hl7.org/fhir/questionnaire-item-control",
                        "code": "flyover",
                        "display": "Fly-over"
                      }
                    ]
                  }
                }
              ],
              "linkId": "NamingSystem.description-flyover",
              "text": "A free text natural language description of the naming system from a consumer\u0027s perspective. Details about what the namespace identifies including scope, granularity, version labeling, etc. This description can be used to capture details such as comments about misuse, instructions for clinical use and interpretation, literature references, examples from the paper world, etc. It is not a rendering of the naming system as conveyed in the \u0027text\u0027 field of the resource itself. This item SHOULD be populated unless the information is available from context (e.g. the language of the naming system is presumed to be the predominant language in the place the naming system was created).",
              "type": "display"
            },
            {
              "linkId": "NamingSystem.description.value",
              "text": "Natural language description of the naming system",
              "type": "string",
              "required": false,
              "repeats": false
            }
          ]
        },
        {
          "linkId": "NamingSystem.useContext",
          "text": "The context that the content is intended to support",
          "type": "group",
          "required": false,
          "repeats": true,
          "item": [
            {
              "linkId": "NamingSystem.useContext-display",
              "text": "When multiple useContexts are specified, there is no expectation that all or any of the contexts apply.",
              "type": "display"
            },
            {
              "extension": [
                {
                  "url": "http://hl7.org/fhir/StructureDefinition/questionnaire-itemControl",
                  "valueCodeableConcept": {
                    "coding": [
                      {
                        "system": "http://hl7.org/fhir/questionnaire-item-control",
                        "code": "flyover",
                        "display": "Fly-over"
                      }
                    ]
                  }
                }
              ],
              "linkId": "NamingSystem.useContext-flyover",
              "text": "The content was developed with a focus and intent of supporting the contexts that are listed. These contexts may be general categories (gender, age, ...) or may be references to specific programs (insurance plans, studies, ...) and may be used to assist with indexing and searching for appropriate naming system instances.",
              "type": "display"
            }
          ]
        },
        {
          "extension": [
            {
              "url": "http://hl7.org/fhir/StructureDefinition/questionnaire-fhirType",
              "valueString": "CodeableConcept"
            }
          ],
          "linkId": "NamingSystem.jurisdiction",
          "text": "Intended jurisdiction for naming system (if applicable)",
          "type": "group",
          "required": false,
          "repeats": true,
          "item": [
            {
              "extension": [
                {
                  "url": "http://hl7.org/fhir/StructureDefinition/questionnaire-itemControl",
                  "valueCodeableConcept": {
                    "coding": [
                      {
                        "system": "http://hl7.org/fhir/questionnaire-item-control",
                        "code": "flyover",
                        "display": "Fly-over"
                      }
                    ]
                  }
                }
              ],
              "linkId": "NamingSystem.jurisdiction-flyover",
              "text": "A legal or geographic region in which the naming system is intended to be used. It may be possible for the naming system to be used in jurisdictions other than those for which it was originally designed or intended.\n\nDEPRECATION NOTE: For consistency, implementations are encouraged to migrate to using the new \u0027jurisdiction\u0027 code in the useContext element.  (I.e. useContext.code indicating http://terminology.hl7.org/CodeSystem/usage-context-type#jurisdiction and useContext.valueCodeableConcept indicating the jurisdiction.)",
              "type": "display"
            },
            {
              "linkId": "NamingSystem.jurisdiction.coding",
              "text": "code:",
              "type": "coding",
              "required": false,
              "repeats": false,
              "answerConstraint": "optionsOnly"
            },
            {
              "linkId": "NamingSystem.jurisdiction.text",
              "text": "text:",
              "type": "string",
              "required": false,
              "repeats": false
            }
          ]
        },
        {
          "extension": [
            {
              "url": "http://hl7.org/fhir/StructureDefinition/questionnaire-maxOccurs",
              "valueInteger": 1
            },
            {
              "url": "http://hl7.org/fhir/StructureDefinition/questionnaire-fhirType",
              "valueString": "string"
            }
          ],
          "linkId": "NamingSystem.purpose",
          "type": "group",
          "required": false,
          "repeats": true,
          "item": [
            {
              "extension": [
                {
                  "url": "http://hl7.org/fhir/StructureDefinition/questionnaire-itemControl",
                  "valueCodeableConcept": {
                    "coding": [
                      {
                        "system": "http://hl7.org/fhir/questionnaire-item-control",
                        "code": "flyover",
                        "display": "Fly-over"
                      }
                    ]
                  }
                }
              ],
              "linkId": "NamingSystem.purpose-flyover",
              "text": "Explanation of why this naming system is needed and why it has been designed as it has. This element does not describe the usage of the code system. Instead, it provides traceability of \u0027\u0027why\u0027\u0027 the resource is either needed or \u0027\u0027why\u0027\u0027 it is defined as it is.  This may be used to point to source materials or specifications that drove the structure of this code system.",
              "type": "display"
            },
            {
              "linkId": "NamingSystem.purpose.value",
              "text": "Why this naming system is defined",
              "type": "string",
              "required": false,
              "repeats": false
            }
          ]
        },
        {
          "extension": [
            {
              "url": "http://hl7.org/fhir/StructureDefinition/questionnaire-maxOccurs",
              "valueInteger": 1
            },
            {
              "url": "http://hl7.org/fhir/StructureDefinition/questionnaire-fhirType",
              "valueString": "string"
            }
          ],
          "linkId": "NamingSystem.copyright",
          "type": "group",
          "required": false,
          "repeats": true,
          "item": [
            {
              "extension": [
                {
                  "url": "http://hl7.org/fhir/StructureDefinition/questionnaire-itemControl",
                  "valueCodeableConcept": {
                    "coding": [
                      {
                        "system": "http://hl7.org/fhir/questionnaire-item-control",
                        "code": "flyover",
                        "display": "Fly-over"
                      }
                    ]
                  }
                }
              ],
              "linkId": "NamingSystem.copyright-flyover",
              "text": "A copyright statement relating to the naming system and/or its contents. Copyright statements are generally legal restrictions on the use and publishing of the naming system.",
              "type": "display"
            },
            {
              "linkId": "NamingSystem.copyright.value",
              "text": "Use and/or publishing restrictions",
              "type": "string",
              "required": false,
              "repeats": false
            }
          ]
        },
        {
          "extension": [
            {
              "url": "http://hl7.org/fhir/StructureDefinition/questionnaire-maxOccurs",
              "valueInteger": 1
            },
            {
              "url": "http://hl7.org/fhir/StructureDefinition/questionnaire-fhirType",
              "valueString": "string"
            }
          ],
          "linkId": "NamingSystem.copyrightLabel",
          "type": "group",
          "required": false,
          "repeats": true,
          "item": [
            {
              "extension": [
                {
                  "url": "http://hl7.org/fhir/StructureDefinition/questionnaire-itemControl",
                  "valueCodeableConcept": {
                    "coding": [
                      {
                        "system": "http://hl7.org/fhir/questionnaire-item-control",
                        "code": "flyover",
                        "display": "Fly-over"
                      }
                    ]
                  }
                }
              ],
              "linkId": "NamingSystem.copyrightLabel-flyover",
              "text": "A short string (\u003c50 characters), suitable for inclusion in a page footer that identifies the copyright holder, effective period, and optionally whether rights are resctricted. (e.g. \u0027All rights reserved\u0027, \u0027Some rights reserved\u0027). The (c) symbol should NOT be included in this string. It will be added by software when rendering the notation. Full details about licensing, restrictions, warrantees, etc. goes in the more general \u0027copyright\u0027 element.",
              "type": "display"
            },
            {
              "linkId": "NamingSystem.copyrightLabel.value",
              "text": "Copyright holder and year(s)",
              "type": "string",
              "required": false,
              "repeats": false
            }
          ]
        },
        {
          "extension": [
            {
              "url": "http://hl7.org/fhir/StructureDefinition/questionnaire-maxOccurs",
              "valueInteger": 1
            },
            {
              "url": "http://hl7.org/fhir/StructureDefinition/questionnaire-fhirType",
              "valueString": "datetime"
            }
          ],
          "linkId": "NamingSystem.approvalDate",
          "type": "group",
          "required": false,
          "repeats": true,
          "item": [
            {
              "extension": [
                {
                  "url": "http://hl7.org/fhir/StructureDefinition/questionnaire-itemControl",
                  "valueCodeableConcept": {
                    "coding": [
                      {
                        "system": "http://hl7.org/fhir/questionnaire-item-control",
                        "code": "flyover",
                        "display": "Fly-over"
                      }
                    ]
                  }
                }
              ],
              "linkId": "NamingSystem.approvalDate-flyover",
              "text": "The date on which the resource content was approved by the publisher. Approval happens once when the content is officially approved for usage. The \u0027date\u0027 element may be more recent than the approval date because of minor changes or editorial corrections.\n\nSee guidance around (not) making local changes to elements [here](canonicalresource.html#localization).",
              "type": "display"
            },
            {
              "linkId": "NamingSystem.approvalDate.value",
              "text": "When the NamingSystem was approved by publisher",
              "type": "dateTime",
              "required": false,
              "repeats": false
            }
          ]
        },
        {
          "extension": [
            {
              "url": "http://hl7.org/fhir/StructureDefinition/questionnaire-maxOccurs",
              "valueInteger": 1
            },
            {
              "url": "http://hl7.org/fhir/StructureDefinition/questionnaire-fhirType",
              "valueString": "datetime"
            }
          ],
          "linkId": "NamingSystem.lastReviewDate",
          "type": "group",
          "required": false,
          "repeats": true,
          "item": [
            {
              "extension": [
                {
                  "url": "http://hl7.org/fhir/StructureDefinition/questionnaire-itemControl",
                  "valueCodeableConcept": {
                    "coding": [
                      {
                        "system": "http://hl7.org/fhir/questionnaire-item-control",
                        "code": "flyover",
                        "display": "Fly-over"
                      }
                    ]
                  }
                }
              ],
              "linkId": "NamingSystem.lastReviewDate-flyover",
              "text": "The date on which the resource content was last reviewed. Review happens periodically after approval but does not change the original approval date. If specified, this date follows the original approval date.\n\nSee guidance around (not) making local changes to elements [here](canonicalresource.html#localization).",
              "type": "display"
            },
            {
              "linkId": "NamingSystem.lastReviewDate.value",
              "text": "When the NamingSystem was last reviewed by the publisher",
              "type": "dateTime",
              "required": false,
              "repeats": false
            }
          ]
        },
        {
          "extension": [
            {
              "url": "http://hl7.org/fhir/StructureDefinition/questionnaire-maxOccurs",
              "valueInteger": 1
            },
            {
              "url": "http://hl7.org/fhir/StructureDefinition/questionnaire-fhirType",
              "valueString": "Period"
            }
          ],
          "linkId": "NamingSystem.effectivePeriod",
          "text": "When the NamingSystem is expected to be used",
          "type": "group",
          "required": false,
          "repeats": true,
          "item": [
            {
              "extension": [
                {
                  "url": "http://hl7.org/fhir/StructureDefinition/questionnaire-itemControl",
                  "valueCodeableConcept": {
                    "coding": [
                      {
                        "system": "http://hl7.org/fhir/questionnaire-item-control",
                        "code": "flyover",
                        "display": "Fly-over"
                      }
                    ]
                  }
                }
              ],
              "linkId": "NamingSystem.effectivePeriod-flyover",
              "text": "The period during which the NamingSystem content was or is planned to be in active use. The effective period for a NamingSystem determines when the content is applicable for usage and is independent of publication and review dates. For example, a NamingSystem intended to be used for the year 2016 might be published in 2015.\n\nSee guidance around (not) making local changes to elements [here](canonicalresource.html#localization).",
              "type": "display"
            },
            {
              "linkId": "NamingSystem.effectivePeriod.low",
              "text": "start:",
              "type": "dateTime",
              "required": false,
              "repeats": false
            },
            {
              "linkId": "NamingSystem.effectivePeriod.end",
              "text": "end:",
              "type": "dateTime",
              "required": false,
              "repeats": false
            }
          ]
        },
        {
          "extension": [
            {
              "url": "http://hl7.org/fhir/StructureDefinition/questionnaire-fhirType",
              "valueString": "CodeableConcept"
            }
          ],
          "linkId": "NamingSystem.topic",
          "text": "E.g. Education, Treatment, Assessment, etc",
          "type": "group",
          "required": false,
          "repeats": true,
          "item": [
            {
              "extension": [
                {
                  "url": "http://hl7.org/fhir/StructureDefinition/questionnaire-itemControl",
                  "valueCodeableConcept": {
                    "coding": [
                      {
                        "system": "http://hl7.org/fhir/questionnaire-item-control",
                        "code": "flyover",
                        "display": "Fly-over"
                      }
                    ]
                  }
                }
              ],
              "linkId": "NamingSystem.topic-flyover",
              "text": "Descriptions related to the content of the NamingSystem. Topics provide a high-level categorization as well as keywords for the NamingSystem that can be useful for filtering and searching. DEPRECATION NOTE: For consistency, implementations are encouraged to migrate to using the new \u0027topic\u0027 code in the useContext element.  (I.e. useContext.code indicating http://terminology.hl7.org/CodeSystem/usage-context-type#topic and useContext.valueCodeableConcept indicating the topic)",
              "type": "display"
            },
            {
              "linkId": "NamingSystem.topic.coding",
              "text": "code:",
              "type": "coding",
              "required": false,
              "repeats": false,
              "answerConstraint": "optionsOnly"
            },
            {
              "linkId": "NamingSystem.topic.text",
              "text": "text:",
              "type": "string",
              "required": false,
              "repeats": false
            }
          ]
        },
        {
          "linkId": "NamingSystem.author",
          "text": "Who authored the CodeSystem",
          "type": "group",
          "required": false,
          "repeats": true,
          "item": [
            {
              "extension": [
                {
                  "url": "http://hl7.org/fhir/StructureDefinition/questionnaire-itemControl",
                  "valueCodeableConcept": {
                    "coding": [
                      {
                        "system": "http://hl7.org/fhir/questionnaire-item-control",
                        "code": "flyover",
                        "display": "Fly-over"
                      }
                    ]
                  }
                }
              ],
              "linkId": "NamingSystem.author-flyover",
              "text": "An individiual or organization primarily involved in the creation and maintenance of the NamingSystem.",
              "type": "display"
            }
          ]
        },
        {
          "linkId": "NamingSystem.editor",
          "text": "Who edited the NamingSystem",
          "type": "group",
          "required": false,
          "repeats": true,
          "item": [
            {
              "extension": [
                {
                  "url": "http://hl7.org/fhir/StructureDefinition/questionnaire-itemControl",
                  "valueCodeableConcept": {
                    "coding": [
                      {
                        "system": "http://hl7.org/fhir/questionnaire-item-control",
                        "code": "flyover",
                        "display": "Fly-over"
                      }
                    ]
                  }
                }
              ],
              "linkId": "NamingSystem.editor-flyover",
              "text": "An individual or organization primarily responsible for internal coherence of the NamingSystem.",
              "type": "display"
            }
          ]
        },
        {
          "linkId": "NamingSystem.reviewer",
          "text": "Who reviewed the NamingSystem",
          "type": "group",
          "required": false,
          "repeats": true,
          "item": [
            {
              "linkId": "NamingSystem.reviewer-display",
              "text": "See guidance around (not) making local changes to elements [here](canonicalresource.html#localization).",
              "type": "display"
            },
            {
              "extension": [
                {
                  "url": "http://hl7.org/fhir/StructureDefinition/questionnaire-itemControl",
                  "valueCodeableConcept": {
                    "coding": [
                      {
                        "system": "http://hl7.org/fhir/questionnaire-item-control",
                        "code": "flyover",
                        "display": "Fly-over"
                      }
                    ]
                  }
                }
              ],
              "linkId": "NamingSystem.reviewer-flyover",
              "text": "An individual or organization asserted by the publisher to be primarily responsible for review of some aspect of the NamingSystem.",
              "type": "display"
            }
          ]
        },
        {
          "linkId": "NamingSystem.endorser",
          "text": "Who endorsed the NamingSystem",
          "type": "group",
          "required": false,
          "repeats": true,
          "item": [
            {
              "linkId": "NamingSystem.endorser-display",
              "text": "See guidance around (not) making local changes to elements [here](canonicalresource.html#localization).",
              "type": "display"
            },
            {
              "extension": [
                {
                  "url": "http://hl7.org/fhir/StructureDefinition/questionnaire-itemControl",
                  "valueCodeableConcept": {
                    "coding": [
                      {
                        "system": "http://hl7.org/fhir/questionnaire-item-control",
                        "code": "flyover",
                        "display": "Fly-over"
                      }
                    ]
                  }
                }
              ],
              "linkId": "NamingSystem.endorser-flyover",
              "text": "An individual or organization asserted by the publisher to be responsible for officially endorsing the NamingSystem for use in some setting.",
              "type": "display"
            }
          ]
        },
        {
          "linkId": "NamingSystem.relatedArtifact",
          "text": "Additional documentation, citations, etc",
          "type": "group",
          "required": false,
          "repeats": true,
          "item": [
            {
              "linkId": "NamingSystem.relatedArtifact-display",
              "text": "Each related artifact is either an attachment, or a reference to another resource, but not both.",
              "type": "display"
            },
            {
              "extension": [
                {
                  "url": "http://hl7.org/fhir/StructureDefinition/questionnaire-itemControl",
                  "valueCodeableConcept": {
                    "coding": [
                      {
                        "system": "http://hl7.org/fhir/questionnaire-item-control",
                        "code": "flyover",
                        "display": "Fly-over"
                      }
                    ]
                  }
                }
              ],
              "linkId": "NamingSystem.relatedArtifact-flyover",
              "text": "Related artifacts such as additional documentation, justification, dependencies, bibliographic references, and predecessor and successor artifacts.",
              "type": "display"
            }
          ]
        },
        {
          "extension": [
            {
              "url": "http://hl7.org/fhir/StructureDefinition/questionnaire-maxOccurs",
              "valueInteger": 1
            },
            {
              "url": "http://hl7.org/fhir/StructureDefinition/questionnaire-fhirType",
              "valueString": "string"
            }
          ],
          "linkId": "NamingSystem.usage",
          "type": "group",
          "required": false,
          "repeats": true,
          "item": [
            {
              "extension": [
                {
                  "url": "http://hl7.org/fhir/StructureDefinition/questionnaire-itemControl",
                  "valueCodeableConcept": {
                    "coding": [
                      {
                        "system": "http://hl7.org/fhir/questionnaire-item-control",
                        "code": "flyover",
                        "display": "Fly-over"
                      }
                    ]
                  }
                }
              ],
              "linkId": "NamingSystem.usage-flyover",
              "text": "Provides guidance on the use of the namespace, including the handling of formatting characters, use of upper vs. lower case, etc.",
              "type": "display"
            },
            {
              "linkId": "NamingSystem.usage.value",
              "text": "How/where is it used",
              "type": "string",
              "required": false,
              "repeats": false
            }
          ]
        },
        {
          "extension": [
            {
              "url": "http://hl7.org/fhir/StructureDefinition/questionnaire-minOccurs",
              "valueInteger": 1
            }
          ],
          "linkId": "NamingSystem.uniqueId",
          "text": "Unique identifiers used for system",
          "type": "group",
          "required": true,
          "repeats": true,
          "item": [
            {
              "linkId": "NamingSystem.uniqueId-display",
              "text": "Multiple identifiers may exist, either due to duplicate registration, regional rules, needs of different communication technologies, etc.",
              "type": "display"
            },
            {
              "extension": [
                {
                  "url": "http://hl7.org/fhir/StructureDefinition/questionnaire-itemControl",
                  "valueCodeableConcept": {
                    "coding": [
                      {
                        "system": "http://hl7.org/fhir/questionnaire-item-control",
                        "code": "flyover",
                        "display": "Fly-over"
                      }
                    ]
                  }
                }
              ],
              "linkId": "NamingSystem.uniqueId-flyover",
              "text": "Indicates how the system may be identified when referenced in electronic exchange.",
              "type": "display"
            },
            {
              "extension": [
                {
                  "url": "http://hl7.org/fhir/StructureDefinition/questionnaire-maxOccurs",
                  "valueInteger": 1
                },
                {
                  "url": "http://hl7.org/fhir/StructureDefinition/questionnaire-fhirType",
                  "valueString": "string"
                }
              ],
              "linkId": "NamingSystem.uniqueId.id",
              "type": "group",
              "required": false,
              "repeats": true,
              "item": [
                {
                  "extension": [
                    {
                      "url": "http://hl7.org/fhir/StructureDefinition/questionnaire-itemControl",
                      "valueCodeableConcept": {
                        "coding": [
                          {
                            "system": "http://hl7.org/fhir/questionnaire-item-control",
                            "code": "flyover",
                            "display": "Fly-over"
                          }
                        ]
                      }
                    }
                  ],
                  "linkId": "NamingSystem.uniqueId.id-flyover",
                  "text": "Unique id for the element within a resource (for internal references). This may be any string value that does not contain spaces.",
                  "type": "display"
                },
                {
                  "linkId": "NamingSystem.uniqueId.id.value",
                  "text": "Unique id for inter-element referencing",
                  "type": "string",
                  "required": false,
                  "repeats": false
                }
              ]
            },
            {
              "linkId": "NamingSystem.uniqueId.extension",
              "text": "Additional content defined by implementations",
              "type": "group",
              "required": false,
              "repeats": true,
              "item": [
                {
                  "extension": [
                    {
                      "url": "http://hl7.org/fhir/StructureDefinition/questionnaire-itemControl",
                      "valueCodeableConcept": {
                        "coding": [
                          {
                            "system": "http://hl7.org/fhir/questionnaire-item-control",
                            "code": "flyover",
                            "display": "Fly-over"
                          }
                        ]
                      }
                    }
                  ],
                  "linkId": "NamingSystem.uniqueId.extension-flyover",
                  "text": "May be used to represent additional information that is not part of the basic definition of the element. To make the use of extensions safe and managable, there is a strict set of governance applied to the definition and use of extensions. Though any implementer can define an extension, there is a set of requirements that SHALL be met as part of the definition of the extension. There can be no stigma associated with the use of extensions by any application, project, or standard - regardless of the institution or jurisdiction that uses or defines the extensions.  The use of extensions is what allows the FHIR specification to retain a core level of simplicity for everyone.",
                  "type": "display"
                }
              ]
            },
            {
              "linkId": "NamingSystem.uniqueId.modifierExtension",
              "text": "Extensions that cannot be ignored even if unrecognized",
              "type": "group",
              "required": false,
              "repeats": true,
              "item": [
                {
                  "extension": [
                    {
                      "url": "http://hl7.org/fhir/StructureDefinition/questionnaire-itemControl",
                      "valueCodeableConcept": {
                        "coding": [
                          {
                            "system": "http://hl7.org/fhir/questionnaire-item-control",
                            "code": "flyover",
                            "display": "Fly-over"
                          }
                        ]
                      }
                    }
                  ],
                  "linkId": "NamingSystem.uniqueId.modifierExtension-flyover",
                  "text": "May be used to represent additional information that is not part of the basic definition of the element and that modifies the understanding of the element in which it is contained and/or the understanding of the containing element\u0027s descendants. Usually modifier elements provide negation or qualification. To make the use of extensions safe and managable, there is a strict set of governance applied to the definition and use of extensions. Though any implementer can define an extension, there is a set of requirements that SHALL be met as part of the definition of the extension. Applications processing a resource are required to check for modifier extensions.\n\nModifier extensions SHALL NOT change the meaning of any elements on Resource or DomainResource (including cannot change the meaning of modifierExtension itself). There can be no stigma associated with the use of extensions by any application, project, or standard - regardless of the institution or jurisdiction that uses or defines the extensions.  The use of extensions is what allows the FHIR specification to retain a core level of simplicity for everyone.",
                  "type": "display"
                }
              ]
            },
            {
              "extension": [
                {
                  "url": "http://hl7.org/fhir/StructureDefinition/questionnaire-minOccurs",
                  "valueInteger": 1
                },
                {
                  "url": "http://hl7.org/fhir/StructureDefinition/questionnaire-maxOccurs",
                  "valueInteger": 1
                },
                {
                  "url": "http://hl7.org/fhir/StructureDefinition/questionnaire-fhirType",
                  "valueString": "code"
                }
              ],
              "linkId": "NamingSystem.uniqueId.type",
              "type": "group",
              "required": true,
              "repeats": true,
              "item": [
                {
                  "extension": [
                    {
                      "url": "http://hl7.org/fhir/StructureDefinition/questionnaire-itemControl",
                      "valueCodeableConcept": {
                        "coding": [
                          {
                            "system": "http://hl7.org/fhir/questionnaire-item-control",
                            "code": "flyover",
                            "display": "Fly-over"
                          }
                        ]
                      }
                    }
                  ],
                  "linkId": "NamingSystem.uniqueId.type-flyover",
                  "text": "Identifies the unique identifier scheme used for this particular identifier. Different identifier types may be used in different types of communications (OIDs for v3, URIs for FHIR, etc.).  Other includes RUIDs from v3, standard v2 code name strings, etc. Preferred identifiers for the same identifier type SHOULD NOT overlap by period.",
                  "type": "display"
                },
                {
                  "linkId": "NamingSystem.uniqueId.type.value",
                  "text": "type",
                  "type": "coding",
                  "required": false,
                  "repeats": false,
                  "answerConstraint": "optionsOrType"
                }
              ]
            },
            {
              "extension": [
                {
                  "url": "http://hl7.org/fhir/StructureDefinition/questionnaire-minOccurs",
                  "valueInteger": 1
                },
                {
                  "url": "http://hl7.org/fhir/StructureDefinition/questionnaire-maxOccurs",
                  "valueInteger": 1
                },
                {
                  "url": "http://hl7.org/fhir/StructureDefinition/questionnaire-fhirType",
                  "valueString": "string"
                }
              ],
              "linkId": "NamingSystem.uniqueId.value",
              "type": "group",
              "required": true,
              "repeats": true,
              "item": [
                {
                  "extension": [
                    {
                      "url": "http://hl7.org/fhir/StructureDefinition/questionnaire-itemControl",
                      "valueCodeableConcept": {
                        "coding": [
                          {
                            "system": "http://hl7.org/fhir/questionnaire-item-control",
                            "code": "flyover",
                            "display": "Fly-over"
                          }
                        ]
                      }
                    }
                  ],
                  "linkId": "NamingSystem.uniqueId.value-flyover",
                  "text": "The string that should be sent over the wire to identify the code system or identifier system. If the value is a URI intended for use as FHIR system identifier, the URI should not contain \"\\\" or \"?\" or \",\" since this makes escaping very difficult.",
                  "type": "display"
                },
                {
                  "linkId": "NamingSystem.uniqueId.value.value",
                  "text": "The unique identifier",
                  "type": "string",
                  "required": false,
                  "repeats": false
                }
              ]
            },
            {
              "extension": [
                {
                  "url": "http://hl7.org/fhir/StructureDefinition/questionnaire-maxOccurs",
                  "valueInteger": 1
                },
                {
                  "url": "http://hl7.org/fhir/StructureDefinition/questionnaire-fhirType",
                  "valueString": "boolean"
                }
              ],
              "linkId": "NamingSystem.uniqueId.preferred",
              "type": "group",
              "required": false,
              "repeats": true,
              "item": [
                {
                  "extension": [
                    {
                      "url": "http://hl7.org/fhir/StructureDefinition/questionnaire-itemControl",
                      "valueCodeableConcept": {
                        "coding": [
                          {
                            "system": "http://hl7.org/fhir/questionnaire-item-control",
                            "code": "flyover",
                            "display": "Fly-over"
                          }
                        ]
                      }
                    }
                  ],
                  "linkId": "NamingSystem.uniqueId.preferred-flyover",
                  "text": "Indicates whether this identifier is the \"preferred\" identifier of this type.",
                  "type": "display"
                },
                {
                  "linkId": "NamingSystem.uniqueId.preferred.value",
                  "text": "Is this the id that should be used for this type",
                  "type": "boolean",
                  "required": false,
                  "repeats": false
                }
              ]
            },
            {
              "extension": [
                {
                  "url": "http://hl7.org/fhir/StructureDefinition/questionnaire-maxOccurs",
                  "valueInteger": 1
                },
                {
                  "url": "http://hl7.org/fhir/StructureDefinition/questionnaire-fhirType",
                  "valueString": "string"
                }
              ],
              "linkId": "NamingSystem.uniqueId.comment",
              "type": "group",
              "required": false,
              "repeats": true,
              "item": [
                {
                  "extension": [
                    {
                      "url": "http://hl7.org/fhir/StructureDefinition/questionnaire-itemControl",
                      "valueCodeableConcept": {
                        "coding": [
                          {
                            "system": "http://hl7.org/fhir/questionnaire-item-control",
                            "code": "flyover",
                            "display": "Fly-over"
                          }
                        ]
                      }
                    }
                  ],
                  "linkId": "NamingSystem.uniqueId.comment-flyover",
                  "text": "Notes about the past or intended usage of this identifier. e.g. \"must be used in Germany\" or \"was initially published in error with this value\".",
                  "type": "display"
                },
                {
                  "linkId": "NamingSystem.uniqueId.comment.value",
                  "text": "Notes about identifier usage",
                  "type": "string",
                  "required": false,
                  "repeats": false
                }
              ]
            },
            {
              "extension": [
                {
                  "url": "http://hl7.org/fhir/StructureDefinition/questionnaire-maxOccurs",
                  "valueInteger": 1
                },
                {
                  "url": "http://hl7.org/fhir/StructureDefinition/questionnaire-fhirType",
                  "valueString": "Period"
                }
              ],
              "linkId": "NamingSystem.uniqueId.period",
              "text": "When is identifier valid?",
              "type": "group",
              "required": false,
              "repeats": true,
              "item": [
                {
                  "extension": [
                    {
                      "url": "http://hl7.org/fhir/StructureDefinition/questionnaire-itemControl",
                      "valueCodeableConcept": {
                        "coding": [
                          {
                            "system": "http://hl7.org/fhir/questionnaire-item-control",
                            "code": "flyover",
                            "display": "Fly-over"
                          }
                        ]
                      }
                    }
                  ],
                  "linkId": "NamingSystem.uniqueId.period-flyover",
                  "text": "Identifies the period of time over which this identifier is considered appropriate to refer to the naming system.  Outside of this window, the identifier might be non-deterministic. Within a registry, a given identifier should only be \"active\" for a single namespace at a time.  (Ideally, an identifier should only ever be associated with a single namespace across all time).\n\nThe nuance of identifier deprecation is not represented with a separate element. When a determination is made that an identifier should not be used, the validity period end date is updated with the date the identifier is deemed to be deprecated. The identifier should no longer be used once the period end date is reached.",
                  "type": "display"
                },
                {
                  "linkId": "NamingSystem.uniqueId.period.low",
                  "text": "start:",
                  "type": "dateTime",
                  "required": false,
                  "repeats": false
                },
                {
                  "linkId": "NamingSystem.uniqueId.period.end",
                  "text": "end:",
                  "type": "dateTime",
                  "required": false,
                  "repeats": false
                }
              ]
            },
            {
              "extension": [
                {
                  "url": "http://hl7.org/fhir/StructureDefinition/questionnaire-maxOccurs",
                  "valueInteger": 1
                },
                {
                  "url": "http://hl7.org/fhir/StructureDefinition/questionnaire-fhirType",
                  "valueString": "boolean"
                }
              ],
              "linkId": "NamingSystem.uniqueId.authoritative",
              "type": "group",
              "required": false,
              "repeats": true,
              "item": [
                {
                  "extension": [
                    {
                      "url": "http://hl7.org/fhir/StructureDefinition/questionnaire-itemControl",
                      "valueCodeableConcept": {
                        "coding": [
                          {
                            "system": "http://hl7.org/fhir/questionnaire-item-control",
                            "code": "flyover",
                            "display": "Fly-over"
                          }
                        ]
                      }
                    }
                  ],
                  "linkId": "NamingSystem.uniqueId.authoritative-flyover",
                  "text": "Indicates whether this identifier ie endorsed by the official owner of the associated naming system.",
                  "type": "display"
                },
                {
                  "linkId": "NamingSystem.uniqueId.authoritative.value",
                  "text": "Whether the identifier is authoritative",
                  "type": "boolean",
                  "required": false,
                  "repeats": false
                }
              ]
            }
          ]
        }
      ]
    }
  ]
}