{
  "resourceType": "SpecimenDefinition",
  "id": "2364",
  "text": {
    "status": "generated",
    "div": "\u003cdiv xmlns\u003d\"http://www.w3.org/1999/xhtml\"\u003e\u003cp\u003e\u003cb\u003eGenerated Narrative: SpecimenDefinition\u003c/b\u003e\u003ca name\u003d\"2364\"\u003e \u003c/a\u003e\u003c/p\u003e\u003cdiv style\u003d\"display: inline-block; background-color: #d9e0e7; padding: 6px; margin: 4px; border: 1px solid #8da1b4; border-radius: 5px; line-height: 60%\"\u003e\u003cp style\u003d\"margin-bottom: 0px\"\u003eResource SpecimenDefinition \u0026quot;2364\u0026quot; \u003c/p\u003e\u003c/div\u003e\u003cp\u003e\u003cb\u003eurl\u003c/b\u003e: \u003ccode\u003ehttp://example.com/specdef/v1/12345\u003c/code\u003e\u003c/p\u003e\u003cp\u003e\u003cb\u003eidentifier\u003c/b\u003e: id: 12345\u003c/p\u003e\u003cp\u003e\u003cb\u003etitle\u003c/b\u003e: Example Specimen Definition for Testing\u003c/p\u003e\u003cp\u003e\u003cb\u003estatus\u003c/b\u003e: active\u003c/p\u003e\u003cp\u003e\u003cb\u003eexperimental\u003c/b\u003e: false\u003c/p\u003e\u003cp\u003e\u003cb\u003etypeCollected\u003c/b\u003e: Venous blood specimen \u003cspan style\u003d\"background: LightGoldenRodYellow; margin: 4px; border: 1px solid khaki\"\u003e (\u003ca href\u003d\"https://browser.ihtsdotools.org/\"\u003eSNOMED CT\u003c/a\u003e#122555007)\u003c/span\u003e\u003c/p\u003e\u003cp\u003e\u003cb\u003epatientPreparation\u003c/b\u003e: 12 hour fasting \u003cspan style\u003d\"background: LightGoldenRodYellow; margin: 4px; border: 1px solid khaki\"\u003e ()\u003c/span\u003e, At rest \u003cspan style\u003d\"background: LightGoldenRodYellow; margin: 4px; border: 1px solid khaki\"\u003e (\u003ca href\u003d\"https://browser.ihtsdotools.org/\"\u003eSNOMED CT\u003c/a\u003e#263678003)\u003c/span\u003e\u003c/p\u003e\u003cp\u003e\u003cb\u003etimeAspect\u003c/b\u003e: preferrably morning time\u003c/p\u003e\u003cblockquote\u003e\u003cp\u003e\u003cb\u003etypeTested\u003c/b\u003e\u003c/p\u003e\u003cp\u003e\u003cb\u003eisDerived\u003c/b\u003e: false\u003c/p\u003e\u003cp\u003e\u003cb\u003etype\u003c/b\u003e: Serum specimen \u003cspan style\u003d\"background: LightGoldenRodYellow; margin: 4px; border: 1px solid khaki\"\u003e (\u003ca href\u003d\"https://browser.ihtsdotools.org/\"\u003eSNOMED CT\u003c/a\u003e#119364003)\u003c/span\u003e\u003c/p\u003e\u003cp\u003e\u003cb\u003epreference\u003c/b\u003e: preferred\u003c/p\u003e\u003ch3\u003eContainers\u003c/h3\u003e\u003ctable class\u003d\"grid\"\u003e\u003ctr\u003e\u003ctd\u003e-\u003c/td\u003e\u003ctd\u003e\u003cb\u003eMaterial\u003c/b\u003e\u003c/td\u003e\u003ctd\u003e\u003cb\u003eType\u003c/b\u003e\u003c/td\u003e\u003ctd\u003e\u003cb\u003eCap\u003c/b\u003e\u003c/td\u003e\u003ctd\u003e\u003cb\u003eMinimumVolume[x]\u003c/b\u003e\u003c/td\u003e\u003c/tr\u003e\u003ctr\u003e\u003ctd\u003e*\u003c/td\u003e\u003ctd\u003eplastic \u003cspan style\u003d\"background: LightGoldenRodYellow; margin: 4px; border: 1px solid khaki\"\u003e (\u003ca href\u003d\"https://browser.ihtsdotools.org/\"\u003eSNOMED CT\u003c/a\u003e#61088005)\u003c/span\u003e\u003c/td\u003e\u003ctd\u003eEvacuated blood collection tube, thrombin/clot activator/gel separator \u003cspan style\u003d\"background: LightGoldenRodYellow; margin: 4px; border: 1px solid khaki\"\u003e (\u003ca href\u003d\"https://browser.ihtsdotools.org/\"\u003eSNOMED CT\u003c/a\u003e#702281005)\u003c/span\u003e\u003c/td\u003e\u003ctd\u003eyellow cap \u003cspan style\u003d\"background: LightGoldenRodYellow; margin: 4px; border: 1px solid khaki\"\u003e (unknown#yellow)\u003c/span\u003e\u003c/td\u003e\u003ctd\u003e2 ml\u003cspan style\u003d\"background: LightGoldenRodYellow\"\u003e (Details: UCUM code mL \u003d \u0027mL\u0027)\u003c/span\u003e\u003c/td\u003e\u003c/tr\u003e\u003c/table\u003e\u003cblockquote\u003e\u003cp\u003e\u003cb\u003ehandling\u003c/b\u003e\u003c/p\u003e\u003cp\u003e\u003cb\u003etemperatureQualifier\u003c/b\u003e: Ambient temperature \u003cspan style\u003d\"background: LightGoldenRodYellow; margin: 4px; border: 1px solid khaki\"\u003e ()\u003c/span\u003e\u003c/p\u003e\u003cp\u003e\u003cb\u003etemperatureRange\u003c/b\u003e: 15-25 °C\u003c/p\u003e\u003ch3\u003eMaxDurations\u003c/h3\u003e\u003ctable class\u003d\"grid\"\u003e\u003ctr\u003e\u003ctd\u003e-\u003c/td\u003e\u003ctd\u003e\u003cb\u003eValue\u003c/b\u003e\u003c/td\u003e\u003ctd\u003e\u003cb\u003eUnit\u003c/b\u003e\u003c/td\u003e\u003ctd\u003e\u003cb\u003eSystem\u003c/b\u003e\u003c/td\u003e\u003ctd\u003e\u003cb\u003eCode\u003c/b\u003e\u003c/td\u003e\u003c/tr\u003e\u003ctr\u003e\u003ctd\u003e*\u003c/td\u003e\u003ctd\u003e60\u003c/td\u003e\u003ctd\u003eminute\u003c/td\u003e\u003ctd\u003e\u003ca href\u003d\"http://terminology.hl7.org/5.1.0/CodeSystem-v3-ucum.html\"\u003eUnified Code for Units of Measure (UCUM)\u003c/a\u003e\u003c/td\u003e\u003ctd\u003emin\u003c/td\u003e\u003c/tr\u003e\u003c/table\u003e\u003c/blockquote\u003e\u003cblockquote\u003e\u003cp\u003e\u003cb\u003ehandling\u003c/b\u003e\u003c/p\u003e\u003cp\u003e\u003cb\u003etemperatureQualifier\u003c/b\u003e: Refrigerated temperature \u003cspan style\u003d\"background: LightGoldenRodYellow; margin: 4px; border: 1px solid khaki\"\u003e ()\u003c/span\u003e\u003c/p\u003e\u003cp\u003e\u003cb\u003etemperatureRange\u003c/b\u003e: 2-8 °C\u003c/p\u003e\u003ch3\u003eMaxDurations\u003c/h3\u003e\u003ctable class\u003d\"grid\"\u003e\u003ctr\u003e\u003ctd\u003e-\u003c/td\u003e\u003ctd\u003e\u003cb\u003eValue\u003c/b\u003e\u003c/td\u003e\u003ctd\u003e\u003cb\u003eUnit\u003c/b\u003e\u003c/td\u003e\u003ctd\u003e\u003cb\u003eSystem\u003c/b\u003e\u003c/td\u003e\u003ctd\u003e\u003cb\u003eCode\u003c/b\u003e\u003c/td\u003e\u003c/tr\u003e\u003ctr\u003e\u003ctd\u003e*\u003c/td\u003e\u003ctd\u003e8\u003c/td\u003e\u003ctd\u003ehour\u003c/td\u003e\u003ctd\u003e\u003ca href\u003d\"http://terminology.hl7.org/5.1.0/CodeSystem-v3-ucum.html\"\u003eUnified Code for Units of Measure (UCUM)\u003c/a\u003e\u003c/td\u003e\u003ctd\u003eh\u003c/td\u003e\u003c/tr\u003e\u003c/table\u003e\u003c/blockquote\u003e\u003c/blockquote\u003e\u003cblockquote\u003e\u003cp\u003e\u003cb\u003etypeTested\u003c/b\u003e\u003c/p\u003e\u003cp\u003e\u003cb\u003etype\u003c/b\u003e: Plasma specimen \u003cspan style\u003d\"background: LightGoldenRodYellow; margin: 4px; border: 1px solid khaki\"\u003e (\u003ca href\u003d\"https://browser.ihtsdotools.org/\"\u003eSNOMED CT\u003c/a\u003e#119361006)\u003c/span\u003e\u003c/p\u003e\u003cp\u003e\u003cb\u003epreference\u003c/b\u003e: alternate\u003c/p\u003e\u003ch3\u003eContainers\u003c/h3\u003e\u003ctable class\u003d\"grid\"\u003e\u003ctr\u003e\u003ctd\u003e-\u003c/td\u003e\u003ctd\u003e\u003cb\u003eMaterial\u003c/b\u003e\u003c/td\u003e\u003ctd\u003e\u003cb\u003eType\u003c/b\u003e\u003c/td\u003e\u003ctd\u003e\u003cb\u003eCap\u003c/b\u003e\u003c/td\u003e\u003ctd\u003e\u003cb\u003eMinimumVolume[x]\u003c/b\u003e\u003c/td\u003e\u003c/tr\u003e\u003ctr\u003e\u003ctd\u003e*\u003c/td\u003e\u003ctd\u003eglass \u003cspan style\u003d\"background: LightGoldenRodYellow; margin: 4px; border: 1px solid khaki\"\u003e (\u003ca href\u003d\"https://browser.ihtsdotools.org/\"\u003eSNOMED CT\u003c/a\u003e#32039001)\u003c/span\u003e\u003c/td\u003e\u003ctd\u003eEvacuated blood collection tube, thrombin/clot activator/gel separator \u003cspan style\u003d\"background: LightGoldenRodYellow; margin: 4px; border: 1px solid khaki\"\u003e (\u003ca href\u003d\"https://browser.ihtsdotools.org/\"\u003eSNOMED CT\u003c/a\u003e#702281005)\u003c/span\u003e\u003c/td\u003e\u003ctd\u003egreen cap \u003cspan style\u003d\"background: LightGoldenRodYellow; margin: 4px; border: 1px solid khaki\"\u003e (unknown#green)\u003c/span\u003e\u003c/td\u003e\u003ctd\u003e2 ml\u003cspan style\u003d\"background: LightGoldenRodYellow\"\u003e (Details: UCUM code mL \u003d \u0027mL\u0027)\u003c/span\u003e\u003c/td\u003e\u003c/tr\u003e\u003c/table\u003e\u003cp\u003e\u003cb\u003erejectionCriterion\u003c/b\u003e: insufficient specimen volume \u003cspan style\u003d\"background: LightGoldenRodYellow; margin: 4px; border: 1px solid khaki\"\u003e (\u003ca href\u003d\"http://terminology.hl7.org/5.1.0/CodeSystem-rejection-criteria.html\"\u003eRejectionCriterion\u003c/a\u003e#insufficient)\u003c/span\u003e, hemolized specimen \u003cspan style\u003d\"background: LightGoldenRodYellow; margin: 4px; border: 1px solid khaki\"\u003e (\u003ca href\u003d\"http://terminology.hl7.org/5.1.0/CodeSystem-rejection-criteria.html\"\u003eRejectionCriterion\u003c/a\u003e#hemolized)\u003c/span\u003e\u003c/p\u003e\u003cblockquote\u003e\u003cp\u003e\u003cb\u003ehandling\u003c/b\u003e\u003c/p\u003e\u003cp\u003e\u003cb\u003etemperatureQualifier\u003c/b\u003e: Ambient temperature \u003cspan style\u003d\"background: LightGoldenRodYellow; margin: 4px; border: 1px solid khaki\"\u003e ()\u003c/span\u003e\u003c/p\u003e\u003cp\u003e\u003cb\u003etemperatureRange\u003c/b\u003e: 15-25 °C\u003c/p\u003e\u003ch3\u003eMaxDurations\u003c/h3\u003e\u003ctable class\u003d\"grid\"\u003e\u003ctr\u003e\u003ctd\u003e-\u003c/td\u003e\u003ctd\u003e\u003cb\u003eValue\u003c/b\u003e\u003c/td\u003e\u003ctd\u003e\u003cb\u003eUnit\u003c/b\u003e\u003c/td\u003e\u003ctd\u003e\u003cb\u003eSystem\u003c/b\u003e\u003c/td\u003e\u003ctd\u003e\u003cb\u003eCode\u003c/b\u003e\u003c/td\u003e\u003c/tr\u003e\u003ctr\u003e\u003ctd\u003e*\u003c/td\u003e\u003ctd\u003e60\u003c/td\u003e\u003ctd\u003eminute\u003c/td\u003e\u003ctd\u003e\u003ca href\u003d\"http://terminology.hl7.org/5.1.0/CodeSystem-v3-ucum.html\"\u003eUnified Code for Units of Measure (UCUM)\u003c/a\u003e\u003c/td\u003e\u003ctd\u003emin\u003c/td\u003e\u003c/tr\u003e\u003c/table\u003e\u003c/blockquote\u003e\u003cblockquote\u003e\u003cp\u003e\u003cb\u003ehandling\u003c/b\u003e\u003c/p\u003e\u003cp\u003e\u003cb\u003etemperatureQualifier\u003c/b\u003e: Refrigerated temperature \u003cspan style\u003d\"background: LightGoldenRodYellow; margin: 4px; border: 1px solid khaki\"\u003e ()\u003c/span\u003e\u003c/p\u003e\u003cp\u003e\u003cb\u003etemperatureRange\u003c/b\u003e: 2-8 °C\u003c/p\u003e\u003ch3\u003eMaxDurations\u003c/h3\u003e\u003ctable class\u003d\"grid\"\u003e\u003ctr\u003e\u003ctd\u003e-\u003c/td\u003e\u003ctd\u003e\u003cb\u003eValue\u003c/b\u003e\u003c/td\u003e\u003ctd\u003e\u003cb\u003eUnit\u003c/b\u003e\u003c/td\u003e\u003ctd\u003e\u003cb\u003eSystem\u003c/b\u003e\u003c/td\u003e\u003ctd\u003e\u003cb\u003eCode\u003c/b\u003e\u003c/td\u003e\u003c/tr\u003e\u003ctr\u003e\u003ctd\u003e*\u003c/td\u003e\u003ctd\u003e8\u003c/td\u003e\u003ctd\u003ehour\u003c/td\u003e\u003ctd\u003e\u003ca href\u003d\"http://terminology.hl7.org/5.1.0/CodeSystem-v3-ucum.html\"\u003eUnified Code for Units of Measure (UCUM)\u003c/a\u003e\u003c/td\u003e\u003ctd\u003eh\u003c/td\u003e\u003c/tr\u003e\u003c/table\u003e\u003c/blockquote\u003e\u003c/blockquote\u003e\u003c/div\u003e"
  },
  "url": "http://example.com/specdef/v1/12345",
  "identifier": {
    "value": "12345"
  },
  "title": "Example Specimen Definition for Testing",
  "status": "active",
  "experimental": false,
  "typeCollected": {
    "coding": [
      {
        "system": "http://snomed.info/sct",
        "code": "122555007",
        "display": "Venous blood specimen"
      }
    ]
  },
  "patientPreparation": [
    {
      "text": "12 hour fasting"
    },
    {
      "coding": [
        {
          "system": "http://snomed.info/sct",
          "code": "263678003",
          "display": "At rest"
        }
      ]
    }
  ],
  "timeAspect": "preferrably morning time",
  "typeTested": [
    {
      "isDerived": false,
      "type": {
        "coding": [
          {
            "system": "http://snomed.info/sct",
            "code": "119364003",
            "display": "Serum specimen"
          }
        ]
      },
      "preference": "preferred",
      "container": {
        "material": {
          "coding": [
            {
              "system": "http://snomed.info/sct",
              "code": "61088005",
              "display": "plastic"
            }
          ]
        },
        "type": {
          "coding": [
            {
              "system": "http://snomed.info/sct",
              "code": "702281005",
              "display": "Evacuated blood collection tube, thrombin/clot activator/gel separator"
            }
          ]
        },
        "cap": {
          "coding": [
            {
              "system": "urn:iso:std:iso:6710:2017",
              "code": "yellow",
              "display": "yellow cap"
            }
          ]
        },
        "minimumVolumeQuantity": {
          "value": 2,
          "unit": "ml",
          "system": "http://unitsofmeasure.org",
          "code": "mL"
        }
      },
      "handling": [
        {
          "temperatureQualifier": {
            "text": "Ambient temperature"
          },
          "temperatureRange": {
            "low": {
              "value": 15,
              "unit": "°C",
              "system": "http://unitsofmeasure.org",
              "code": "Cel"
            },
            "high": {
              "value": 25,
              "unit": "°C",
              "system": "http://unitsofmeasure.org",
              "code": "Cel"
            }
          },
          "maxDuration": {
            "value": 60,
            "unit": "minute",
            "system": "http://unitsofmeasure.org",
            "code": "min"
          }
        },
        {
          "temperatureQualifier": {
            "text": "Refrigerated temperature"
          },
          "temperatureRange": {
            "low": {
              "value": 2,
              "unit": "°C",
              "system": "http://unitsofmeasure.org",
              "code": "Cel"
            },
            "high": {
              "value": 8,
              "unit": "°C",
              "system": "http://unitsofmeasure.org",
              "code": "Cel"
            }
          },
          "maxDuration": {
            "value": 8,
            "unit": "hour",
            "system": "http://unitsofmeasure.org",
            "code": "h"
          }
        }
      ]
    },
    {
      "type": {
        "coding": [
          {
            "system": "http://snomed.info/sct",
            "code": "119361006",
            "display": "Plasma specimen"
          }
        ]
      },
      "preference": "alternate",
      "container": {
        "material": {
          "coding": [
            {
              "system": "http://snomed.info/sct",
              "code": "32039001",
              "display": "glass"
            }
          ]
        },
        "type": {
          "coding": [
            {
              "system": "http://snomed.info/sct",
              "code": "702281005",
              "display": "Evacuated blood collection tube, thrombin/clot activator/gel separator"
            }
          ]
        },
        "cap": {
          "coding": [
            {
              "system": "urn:iso:std:iso:6710:2017",
              "code": "green",
              "display": "green cap"
            }
          ]
        },
        "minimumVolumeQuantity": {
          "value": 2,
          "unit": "ml",
          "system": "http://unitsofmeasure.org",
          "code": "mL"
        }
      },
      "rejectionCriterion": [
        {
          "coding": [
            {
              "system": "http://terminology.hl7.org/CodeSystem/rejection-criteria",
              "code": "insufficient",
              "display": "insufficient specimen volume"
            }
          ]
        },
        {
          "coding": [
            {
              "system": "http://terminology.hl7.org/CodeSystem/rejection-criteria",
              "code": "hemolized",
              "display": "hemolized specimen"
            }
          ]
        }
      ],
      "handling": [
        {
          "temperatureQualifier": {
            "text": "Ambient temperature"
          },
          "temperatureRange": {
            "low": {
              "value": 15,
              "unit": "°C",
              "system": "http://unitsofmeasure.org",
              "code": "Cel"
            },
            "high": {
              "value": 25,
              "unit": "°C",
              "system": "http://unitsofmeasure.org",
              "code": "Cel"
            }
          },
          "maxDuration": {
            "value": 60,
            "unit": "minute",
            "system": "http://unitsofmeasure.org",
            "code": "min"
          }
        },
        {
          "temperatureQualifier": {
            "text": "Refrigerated temperature"
          },
          "temperatureRange": {
            "low": {
              "value": 2,
              "unit": "°C",
              "system": "http://unitsofmeasure.org",
              "code": "Cel"
            },
            "high": {
              "value": 8,
              "unit": "°C",
              "system": "http://unitsofmeasure.org",
              "code": "Cel"
            }
          },
          "maxDuration": {
            "value": 8,
            "unit": "hour",
            "system": "http://unitsofmeasure.org",
            "code": "h"
          }
        }
      ]
    }
  ]
}