{
  "resourceType": "SubstanceDefinition",
  "id": "example",
  "text": {
    "status": "generated",
    "div": "\u003cdiv xmlns\u003d\"http://www.w3.org/1999/xhtml\"\u003e\u003cp\u003e\u003cb\u003eGenerated Narrative: SubstanceDefinition\u003c/b\u003e\u003ca name\u003d\"example\"\u003e \u003c/a\u003e\u003c/p\u003e\u003cdiv style\u003d\"display: inline-block; background-color: #d9e0e7; padding: 6px; margin: 4px; border: 1px solid #8da1b4; border-radius: 5px; line-height: 60%\"\u003e\u003cp style\u003d\"margin-bottom: 0px\"\u003eResource SubstanceDefinition \u0026quot;example\u0026quot; \u003c/p\u003e\u003c/div\u003e\u003cp\u003e\u003cb\u003eidentifier\u003c/b\u003e: id: 100000099270\u003c/p\u003e\u003cp\u003e\u003cb\u003estatus\u003c/b\u003e: Current \u003cspan style\u003d\"background: LightGoldenRodYellow; margin: 4px; border: 1px solid khaki\"\u003e (Status#200000005004)\u003c/span\u003e\u003c/p\u003e\u003cp\u003e\u003cb\u003eclassification\u003c/b\u003e: Chemical \u003cspan style\u003d\"background: LightGoldenRodYellow; margin: 4px; border: 1px solid khaki\"\u003e (SubstanceType#100000075670)\u003c/span\u003e\u003c/p\u003e\u003cp\u003e\u003cb\u003edomain\u003c/b\u003e: Human use \u003cspan style\u003d\"background: LightGoldenRodYellow; margin: 4px; border: 1px solid khaki\"\u003e (Domain#100000000012)\u003c/span\u003e\u003c/p\u003e\u003ch3\u003eCodes\u003c/h3\u003e\u003ctable class\u003d\"grid\"\u003e\u003ctr\u003e\u003ctd\u003e-\u003c/td\u003e\u003ctd\u003e\u003cb\u003eCode\u003c/b\u003e\u003c/td\u003e\u003c/tr\u003e\u003ctr\u003e\u003ctd\u003e*\u003c/td\u003e\u003ctd\u003eSUB99611MIG \u003cspan style\u003d\"background: LightGoldenRodYellow; margin: 4px; border: 1px solid khaki\"\u003e (Substance#SUB99611MIG)\u003c/span\u003e\u003c/td\u003e\u003c/tr\u003e\u003c/table\u003e\u003cblockquote\u003e\u003cp\u003e\u003cb\u003ename\u003c/b\u003e\u003c/p\u003e\u003cp\u003e\u003cb\u003ename\u003c/b\u003e: PARACETAMOL\u003c/p\u003e\u003cp\u003e\u003cb\u003estatus\u003c/b\u003e: Current \u003cspan style\u003d\"background: LightGoldenRodYellow; margin: 4px; border: 1px solid khaki\"\u003e (Status#200000005004)\u003c/span\u003e\u003c/p\u003e\u003cp\u003e\u003cb\u003epreferred\u003c/b\u003e: true\u003c/p\u003e\u003cp\u003e\u003cb\u003elanguage\u003c/b\u003e: English \u003cspan style\u003d\"background: LightGoldenRodYellow; margin: 4px; border: 1px solid khaki\"\u003e (\u003ca href\u003d\"http://terminology.hl7.org/5.1.0/CodeSystem-v3-ietf3066.html\"\u003eTags for the Identification of Languages\u003c/a\u003e#en)\u003c/span\u003e\u003c/p\u003e\u003c/blockquote\u003e\u003cblockquote\u003e\u003cp\u003e\u003cb\u003ename\u003c/b\u003e\u003c/p\u003e\u003cp\u003e\u003cb\u003ename\u003c/b\u003e: ΠΑΡΑΚΕΤΑΜΌΛΗ\u003c/p\u003e\u003cp\u003e\u003cb\u003estatus\u003c/b\u003e: Current \u003cspan style\u003d\"background: LightGoldenRodYellow; margin: 4px; border: 1px solid khaki\"\u003e (Status#200000005004)\u003c/span\u003e\u003c/p\u003e\u003cp\u003e\u003cb\u003epreferred\u003c/b\u003e: false\u003c/p\u003e\u003cp\u003e\u003cb\u003elanguage\u003c/b\u003e: Greek \u003cspan style\u003d\"background: LightGoldenRodYellow; margin: 4px; border: 1px solid khaki\"\u003e (\u003ca href\u003d\"http://terminology.hl7.org/5.1.0/CodeSystem-v3-ietf3066.html\"\u003eTags for the Identification of Languages\u003c/a\u003e#el)\u003c/span\u003e\u003c/p\u003e\u003c/blockquote\u003e\u003cblockquote\u003e\u003cp\u003e\u003cb\u003ename\u003c/b\u003e\u003c/p\u003e\u003cp\u003e\u003cb\u003ename\u003c/b\u003e: ПАРАЦЕТАМОЛ\u003c/p\u003e\u003cp\u003e\u003cb\u003estatus\u003c/b\u003e: Current \u003cspan style\u003d\"background: LightGoldenRodYellow; margin: 4px; border: 1px solid khaki\"\u003e (Status#200000005004)\u003c/span\u003e\u003c/p\u003e\u003cp\u003e\u003cb\u003epreferred\u003c/b\u003e: false\u003c/p\u003e\u003cp\u003e\u003cb\u003elanguage\u003c/b\u003e: Bulgarian \u003cspan style\u003d\"background: LightGoldenRodYellow; margin: 4px; border: 1px solid khaki\"\u003e (\u003ca href\u003d\"http://terminology.hl7.org/5.1.0/CodeSystem-v3-ietf3066.html\"\u003eTags for the Identification of Languages\u003c/a\u003e#bg)\u003c/span\u003e\u003c/p\u003e\u003c/blockquote\u003e\u003cblockquote\u003e\u003cp\u003e\u003cb\u003ename\u003c/b\u003e\u003c/p\u003e\u003cp\u003e\u003cb\u003ename\u003c/b\u003e: ACETAMINOPHEN\u003c/p\u003e\u003cp\u003e\u003cb\u003estatus\u003c/b\u003e: Current \u003cspan style\u003d\"background: LightGoldenRodYellow; margin: 4px; border: 1px solid khaki\"\u003e (Status#200000005004)\u003c/span\u003e\u003c/p\u003e\u003cp\u003e\u003cb\u003epreferred\u003c/b\u003e: false\u003c/p\u003e\u003cp\u003e\u003cb\u003elanguage\u003c/b\u003e: English \u003cspan style\u003d\"background: LightGoldenRodYellow; margin: 4px; border: 1px solid khaki\"\u003e (\u003ca href\u003d\"http://terminology.hl7.org/5.1.0/CodeSystem-v3-ietf3066.html\"\u003eTags for the Identification of Languages\u003c/a\u003e#en)\u003c/span\u003e\u003c/p\u003e\u003c/blockquote\u003e\u003c/div\u003e"
  },
  "identifier": [
    {
      "system": "http://example.europa.eu/fhir/SMSId",
      "value": "100000099270"
    }
  ],
  "status": {
    "coding": [
      {
        "system": "http://example.europa.eu/fhir/Status",
        "code": "200000005004",
        "display": "Current"
      }
    ]
  },
  "classification": [
    {
      "coding": [
        {
          "system": "http://example.europa.eu/fhir/SubstanceType",
          "code": "100000075670",
          "display": "Chemical"
        }
      ]
    }
  ],
  "domain": {
    "coding": [
      {
        "system": "http://example.europa.eu/fhir/Domain",
        "code": "100000000012",
        "display": "Human use"
      }
    ]
  },
  "code": [
    {
      "code": {
        "coding": [
          {
            "system": "http://example.europa.eu/fhir/Substance",
            "code": "SUB99611MIG"
          }
        ]
      }
    }
  ],
  "name": [
    {
      "name": "PARACETAMOL",
      "status": {
        "coding": [
          {
            "system": "http://example.europa.eu/fhir/Status",
            "code": "200000005004",
            "display": "Current"
          }
        ]
      },
      "preferred": true,
      "language": [
        {
          "coding": [
            {
              "system": "urn:ietf:bcp:47",
              "code": "en",
              "display": "English"
            }
          ]
        }
      ]
    },
    {
      "name": "ΠΑΡΑΚΕΤΑΜΌΛΗ",
      "status": {
        "coding": [
          {
            "system": "http://example.europa.eu/fhir/Status",
            "code": "200000005004",
            "display": "Current"
          }
        ]
      },
      "preferred": false,
      "language": [
        {
          "coding": [
            {
              "system": "urn:ietf:bcp:47",
              "code": "el",
              "display": "Greek"
            }
          ]
        }
      ]
    },
    {
      "name": "ПАРАЦЕТАМОЛ",
      "status": {
        "coding": [
          {
            "system": "http://example.europa.eu/fhir/Status",
            "code": "200000005004",
            "display": "Current"
          }
        ]
      },
      "preferred": false,
      "language": [
        {
          "coding": [
            {
              "system": "urn:ietf:bcp:47",
              "code": "bg",
              "display": "Bulgarian"
            }
          ]
        }
      ]
    },
    {
      "name": "ACETAMINOPHEN",
      "status": {
        "coding": [
          {
            "system": "http://example.europa.eu/fhir/Status",
            "code": "200000005004",
            "display": "Current"
          }
        ]
      },
      "preferred": false,
      "language": [
        {
          "coding": [
            {
              "system": "urn:ietf:bcp:47",
              "code": "en",
              "display": "English"
            }
          ]
        }
      ]
    }
  ],
  "meta": {
    "tag": [
      {
        "system": "http://terminology.hl7.org/CodeSystem/v3-ActReason",
        "code": "HTEST",
        "display": "test health data"
      }
    ]
  }
}