{
  "resourceType": "ValueSet",
  "id": "common-tags",
  "meta": {
    "lastUpdated": "2023-03-26T15:21:02.749+11:00",
    "profile": [
      "http://hl7.org/fhir/StructureDefinition/shareablevalueset"
    ]
  },
  "text": {
    "status": "extensions",
    "div": "\u003cdiv xmlns\u003d\"http://www.w3.org/1999/xhtml\"\u003e\u003cp\u003eThis value set includes codes based on the following rules:\u003c/p\u003e\u003cul\u003e\u003cli\u003eInclude all codes defined in \u003ca href\u003d\"http://terminology.hl7.org/5.1.0/CodeSystem-common-tags.html\"\u003e\u003ccode\u003ehttp://terminology.hl7.org/CodeSystem/common-tags\u003c/code\u003e\u003c/a\u003e\u003c/li\u003e\u003cli\u003eInclude these codes as defined in \u003ca href\u003d\"http://terminology.hl7.org/5.1.0/CodeSystem-v3-ObservationValue.html\"\u003e\u003ccode\u003ehttp://terminology.hl7.org/CodeSystem/v3-ObservationValue\u003c/code\u003e\u003c/a\u003e\u003ctable class\u003d\"none\"\u003e\u003ctr\u003e\u003ctd style\u003d\"white-space:nowrap\"\u003e\u003cb\u003eCode\u003c/b\u003e\u003c/td\u003e\u003ctd\u003e\u003cb\u003eDisplay\u003c/b\u003e\u003c/td\u003e\u003ctd\u003e\u003cb\u003eDefinition\u003c/b\u003e\u003c/td\u003e\u003c/tr\u003e\u003ctr\u003e\u003ctd\u003e\u003ca href\u003d\"http://terminology.hl7.org/5.1.0/CodeSystem-v3-ObservationValue.html#v3-ObservationValue-SUBSETTED\"\u003eSUBSETTED\u003c/a\u003e\u003c/td\u003e\u003ctd\u003esubsetted\u003c/td\u003e\u003ctd\u003eMetadata observation used to indicate that some information has been removed from the source object when the view this object contains was constructed because of configuration options when the view was created. The content may not be suitable for use as the basis of a record update\u003cbr/\u003e\u003cbr/\u003e*Usage Note:* This is not suitable to be used when information is removed for security reasons - see the code REDACTED for this use.\u003c/td\u003e\u003c/tr\u003e\u003c/table\u003e\u003c/li\u003e\u003c/ul\u003e\u003c/div\u003e"
  },
  "extension": [
    {
      "url": "http://hl7.org/fhir/StructureDefinition/structuredefinition-wg",
      "valueCode": "fhir"
    },
    {
      "url": "http://hl7.org/fhir/StructureDefinition/structuredefinition-standards-status",
      "valueCode": "draft"
    },
    {
      "url": "http://hl7.org/fhir/StructureDefinition/structuredefinition-fmm",
      "valueInteger": 1
    }
  ],
  "url": "http://hl7.org/fhir/ValueSet/common-tags",
  "identifier": [
    {
      "system": "urn:ietf:rfc:3986",
      "value": "urn:oid:2.16.840.1.113883.4.642.3.79"
    }
  ],
  "version": "5.0.0",
  "name": "CommonTags",
  "title": "Common Tags",
  "status": "draft",
  "experimental": true,
  "date": "2023-03-26T15:21:02+11:00",
  "publisher": "FHIR Project team",
  "contact": [
    {
      "telecom": [
        {
          "system": "url",
          "value": "http://hl7.org/fhir"
        }
      ]
    }
  ],
  "description": "Common Tag Codes defined by FHIR project",
  "jurisdiction": [
    {
      "coding": [
        {
          "system": "http://unstats.un.org/unsd/methods/m49/m49.htm",
          "code": "001",
          "display": "World"
        }
      ]
    }
  ],
  "compose": {
    "include": [
      {
        "system": "http://terminology.hl7.org/CodeSystem/common-tags"
      },
      {
        "system": "http://terminology.hl7.org/CodeSystem/v3-ObservationValue",
        "concept": [
          {
            "code": "SUBSETTED",
            "display": "subsetted"
          }
        ]
      }
    ]
  }
}