{
  "resourceType": "ValueSet",
  "id": "doc-section-codes",
  "meta": {
    "lastUpdated": "2023-03-26T15:21:02.749+11:00",
    "profile": [
      "http://hl7.org/fhir/StructureDefinition/shareablevalueset"
    ]
  },
  "text": {
    "status": "generated",
    "div": "\u003cdiv xmlns\u003d\"http://www.w3.org/1999/xhtml\"\u003e\u003cul\u003e\u003cli\u003eInclude these codes as defined in \u003ca href\u003d\"http://loinc.org\"\u003e\u003ccode\u003ehttp://loinc.org\u003c/code\u003e\u003c/a\u003e\u003ctable class\u003d\"none\"\u003e\u003ctr\u003e\u003ctd style\u003d\"white-space:nowrap\"\u003e\u003cb\u003eCode\u003c/b\u003e\u003c/td\u003e\u003ctd\u003e\u003cb\u003eDisplay\u003c/b\u003e\u003c/td\u003e\u003c/tr\u003e\u003ctr\u003e\u003ctd\u003e\u003ca href\u003d\"https://loinc.org/10154-3/\"\u003e10154-3\u003c/a\u003e\u003c/td\u003e\u003ctd\u003eChief complaint Narrative - Reported\u003c/td\u003e\u003c/tr\u003e\u003ctr\u003e\u003ctd\u003e\u003ca href\u003d\"https://loinc.org/10157-6/\"\u003e10157-6\u003c/a\u003e\u003c/td\u003e\u003ctd\u003eHistory of family member diseases Narrative\u003c/td\u003e\u003c/tr\u003e\u003ctr\u003e\u003ctd\u003e\u003ca href\u003d\"https://loinc.org/10160-0/\"\u003e10160-0\u003c/a\u003e\u003c/td\u003e\u003ctd\u003eHistory of Medication use Narrative\u003c/td\u003e\u003c/tr\u003e\u003ctr\u003e\u003ctd\u003e\u003ca href\u003d\"https://loinc.org/10164-2/\"\u003e10164-2\u003c/a\u003e\u003c/td\u003e\u003ctd\u003eHistory of Present illness Narrative\u003c/td\u003e\u003c/tr\u003e\u003ctr\u003e\u003ctd\u003e\u003ca href\u003d\"https://loinc.org/10183-2/\"\u003e10183-2\u003c/a\u003e\u003c/td\u003e\u003ctd\u003eHospital discharge medications Narrative\u003c/td\u003e\u003c/tr\u003e\u003ctr\u003e\u003ctd\u003e\u003ca href\u003d\"https://loinc.org/10184-0/\"\u003e10184-0\u003c/a\u003e\u003c/td\u003e\u003ctd\u003eHospital discharge physical findings Narrative\u003c/td\u003e\u003c/tr\u003e\u003ctr\u003e\u003ctd\u003e\u003ca href\u003d\"https://loinc.org/10187-3/\"\u003e10187-3\u003c/a\u003e\u003c/td\u003e\u003ctd\u003eReview of systems Narrative - Reported\u003c/td\u003e\u003c/tr\u003e\u003ctr\u003e\u003ctd\u003e\u003ca href\u003d\"https://loinc.org/10210-3/\"\u003e10210-3\u003c/a\u003e\u003c/td\u003e\u003ctd\u003ePhysical findings of General status Narrative\u003c/td\u003e\u003c/tr\u003e\u003ctr\u003e\u003ctd\u003e\u003ca href\u003d\"https://loinc.org/10216-0/\"\u003e10216-0\u003c/a\u003e\u003c/td\u003e\u003ctd\u003eSurgical operation note fluids Narrative\u003c/td\u003e\u003c/tr\u003e\u003ctr\u003e\u003ctd\u003e\u003ca href\u003d\"https://loinc.org/10218-6/\"\u003e10218-6\u003c/a\u003e\u003c/td\u003e\u003ctd\u003eSurgical operation note postoperative diagnosis Narrative\u003c/td\u003e\u003c/tr\u003e\u003ctr\u003e\u003ctd\u003e\u003ca href\u003d\"https://loinc.org/10218-6/\"\u003e10218-6\u003c/a\u003e\u003c/td\u003e\u003ctd\u003eSurgical operation note postoperative diagnosis Narrative\u003c/td\u003e\u003c/tr\u003e\u003ctr\u003e\u003ctd\u003e\u003ca href\u003d\"https://loinc.org/10223-6/\"\u003e10223-6\u003c/a\u003e\u003c/td\u003e\u003ctd\u003eSurgical operation note surgical procedure Narrative\u003c/td\u003e\u003c/tr\u003e\u003ctr\u003e\u003ctd\u003e\u003ca href\u003d\"https://loinc.org/10222-8/\"\u003e10222-8\u003c/a\u003e\u003c/td\u003e\u003ctd\u003eSurgical operation note surgical complications [Interpretation] Narrative\u003c/td\u003e\u003c/tr\u003e\u003ctr\u003e\u003ctd\u003e\u003ca href\u003d\"https://loinc.org/11329-0/\"\u003e11329-0\u003c/a\u003e\u003c/td\u003e\u003ctd\u003eHistory general Narrative - Reported\u003c/td\u003e\u003c/tr\u003e\u003ctr\u003e\u003ctd\u003e\u003ca href\u003d\"https://loinc.org/11348-0/\"\u003e11348-0\u003c/a\u003e\u003c/td\u003e\u003ctd\u003eHistory of Past illness Narrative\u003c/td\u003e\u003c/tr\u003e\u003ctr\u003e\u003ctd\u003e\u003ca href\u003d\"https://loinc.org/11369-6/\"\u003e11369-6\u003c/a\u003e\u003c/td\u003e\u003ctd\u003eHistory of Immunization Narrative\u003c/td\u003e\u003c/tr\u003e\u003ctr\u003e\u003ctd\u003e\u003ca href\u003d\"https://loinc.org/57852-6/\"\u003e57852-6\u003c/a\u003e\u003c/td\u003e\u003ctd\u003eProblem list Narrative - Reported\u003c/td\u003e\u003c/tr\u003e\u003ctr\u003e\u003ctd\u003e\u003ca href\u003d\"https://loinc.org/11493-4/\"\u003e11493-4\u003c/a\u003e\u003c/td\u003e\u003ctd\u003eHospital discharge studies summary Narrative\u003c/td\u003e\u003c/tr\u003e\u003ctr\u003e\u003ctd\u003e\u003ca href\u003d\"https://loinc.org/11535-2/\"\u003e11535-2\u003c/a\u003e\u003c/td\u003e\u003ctd\u003eHospital discharge Dx Narrative\u003c/td\u003e\u003c/tr\u003e\u003ctr\u003e\u003ctd\u003e\u003ca href\u003d\"https://loinc.org/11537-8/\"\u003e11537-8\u003c/a\u003e\u003c/td\u003e\u003ctd\u003eSurgical drains Narrative\u003c/td\u003e\u003c/tr\u003e\u003ctr\u003e\u003ctd\u003e\u003ca href\u003d\"https://loinc.org/18776-5/\"\u003e18776-5\u003c/a\u003e\u003c/td\u003e\u003ctd\u003ePlan of care note\u003c/td\u003e\u003c/tr\u003e\u003ctr\u003e\u003ctd\u003e\u003ca href\u003d\"https://loinc.org/18841-7/\"\u003e18841-7\u003c/a\u003e\u003c/td\u003e\u003ctd\u003eHospital consultations Document\u003c/td\u003e\u003c/tr\u003e\u003ctr\u003e\u003ctd\u003e\u003ca href\u003d\"https://loinc.org/29299-5/\"\u003e29299-5\u003c/a\u003e\u003c/td\u003e\u003ctd\u003eReason for visit Narrative\u003c/td\u003e\u003c/tr\u003e\u003ctr\u003e\u003ctd\u003e\u003ca href\u003d\"https://loinc.org/29545-1/\"\u003e29545-1\u003c/a\u003e\u003c/td\u003e\u003ctd\u003ePhysical findings Narrative\u003c/td\u003e\u003c/tr\u003e\u003ctr\u003e\u003ctd\u003e\u003ca href\u003d\"https://loinc.org/29549-3/\"\u003e29549-3\u003c/a\u003e\u003c/td\u003e\u003ctd\u003eMedication administered Narrative\u003c/td\u003e\u003c/tr\u003e\u003ctr\u003e\u003ctd\u003e\u003ca href\u003d\"https://loinc.org/29554-3/\"\u003e29554-3\u003c/a\u003e\u003c/td\u003e\u003ctd\u003eProcedure Narrative\u003c/td\u003e\u003c/tr\u003e\u003ctr\u003e\u003ctd\u003e\u003ca href\u003d\"https://loinc.org/29762-2/\"\u003e29762-2\u003c/a\u003e\u003c/td\u003e\u003ctd\u003eSocial history Narrative\u003c/td\u003e\u003c/tr\u003e\u003ctr\u003e\u003ctd\u003e\u003ca href\u003d\"https://loinc.org/30954-2/\"\u003e30954-2\u003c/a\u003e\u003c/td\u003e\u003ctd\u003eRelevant diagnostic tests/laboratory data Narrative\u003c/td\u003e\u003c/tr\u003e\u003ctr\u003e\u003ctd\u003e\u003ca href\u003d\"https://loinc.org/42344-2/\"\u003e42344-2\u003c/a\u003e\u003c/td\u003e\u003ctd\u003eDischarge diet (narrative)\u003c/td\u003e\u003c/tr\u003e\u003ctr\u003e\u003ctd\u003e\u003ca href\u003d\"https://loinc.org/42346-7/\"\u003e42346-7\u003c/a\u003e\u003c/td\u003e\u003ctd\u003eMedications on admission (narrative)\u003c/td\u003e\u003c/tr\u003e\u003ctr\u003e\u003ctd\u003e\u003ca href\u003d\"https://loinc.org/42348-3/\"\u003e42348-3\u003c/a\u003e\u003c/td\u003e\u003ctd\u003eAdvance directives\u003c/td\u003e\u003c/tr\u003e\u003ctr\u003e\u003ctd\u003e\u003ca href\u003d\"https://loinc.org/42349-1/\"\u003e42349-1\u003c/a\u003e\u003c/td\u003e\u003ctd\u003eReason for referral (narrative)\u003c/td\u003e\u003c/tr\u003e\u003ctr\u003e\u003ctd\u003e\u003ca href\u003d\"https://loinc.org/46240-8/\"\u003e46240-8\u003c/a\u003e\u003c/td\u003e\u003ctd\u003eHistory of Hospitalizations+Outpatient visits Narrative\u003c/td\u003e\u003c/tr\u003e\u003ctr\u003e\u003ctd\u003e\u003ca href\u003d\"https://loinc.org/46241-6/\"\u003e46241-6\u003c/a\u003e\u003c/td\u003e\u003ctd\u003eHospital admission diagnosis Narrative - Reported\u003c/td\u003e\u003c/tr\u003e\u003ctr\u003e\u003ctd\u003e\u003ca href\u003d\"https://loinc.org/46264-8/\"\u003e46264-8\u003c/a\u003e\u003c/td\u003e\u003ctd\u003eHistory of medical device use\u003c/td\u003e\u003c/tr\u003e\u003ctr\u003e\u003ctd\u003e\u003ca href\u003d\"https://loinc.org/47420-5/\"\u003e47420-5\u003c/a\u003e\u003c/td\u003e\u003ctd\u003eFunctional status assessment note\u003c/td\u003e\u003c/tr\u003e\u003ctr\u003e\u003ctd\u003e\u003ca href\u003d\"https://loinc.org/47519-4/\"\u003e47519-4\u003c/a\u003e\u003c/td\u003e\u003ctd\u003eHistory of Procedures Document\u003c/td\u003e\u003c/tr\u003e\u003ctr\u003e\u003ctd\u003e\u003ca href\u003d\"https://loinc.org/48765-2/\"\u003e48765-2\u003c/a\u003e\u003c/td\u003e\u003ctd\u003eAllergies and adverse reactions Document\u003c/td\u003e\u003c/tr\u003e\u003ctr\u003e\u003ctd\u003e\u003ca href\u003d\"https://loinc.org/48768-6/\"\u003e48768-6\u003c/a\u003e\u003c/td\u003e\u003ctd\u003ePayment sources Document\u003c/td\u003e\u003c/tr\u003e\u003ctr\u003e\u003ctd\u003e\u003ca href\u003d\"https://loinc.org/51848-0/\"\u003e51848-0\u003c/a\u003e\u003c/td\u003e\u003ctd\u003eEvaluation note\u003c/td\u003e\u003c/tr\u003e\u003ctr\u003e\u003ctd\u003e\u003ca href\u003d\"https://loinc.org/55109-3/\"\u003e55109-3\u003c/a\u003e\u003c/td\u003e\u003ctd\u003eComplications Document\u003c/td\u003e\u003c/tr\u003e\u003ctr\u003e\u003ctd\u003e\u003ca href\u003d\"https://loinc.org/55122-6/\"\u003e55122-6\u003c/a\u003e\u003c/td\u003e\u003ctd\u003eSurgical operation note implants Narrative\u003c/td\u003e\u003c/tr\u003e\u003ctr\u003e\u003ctd\u003e\u003ca href\u003d\"https://loinc.org/59768-2/\"\u003e59768-2\u003c/a\u003e\u003c/td\u003e\u003ctd\u003eProcedure indications [Interpretation] Narrative\u003c/td\u003e\u003c/tr\u003e\u003ctr\u003e\u003ctd\u003e\u003ca href\u003d\"https://loinc.org/59769-0/\"\u003e59769-0\u003c/a\u003e\u003c/td\u003e\u003ctd\u003ePostprocedure diagnosis Narrative\u003c/td\u003e\u003c/tr\u003e\u003ctr\u003e\u003ctd\u003e\u003ca href\u003d\"https://loinc.org/59770-8/\"\u003e59770-8\u003c/a\u003e\u003c/td\u003e\u003ctd\u003eProcedure estimated blood loss Narrative\u003c/td\u003e\u003c/tr\u003e\u003ctr\u003e\u003ctd\u003e\u003ca href\u003d\"https://loinc.org/59771-6/\"\u003e59771-6\u003c/a\u003e\u003c/td\u003e\u003ctd\u003eProcedure implants Narrative\u003c/td\u003e\u003c/tr\u003e\u003ctr\u003e\u003ctd\u003e\u003ca href\u003d\"https://loinc.org/59772-4/\"\u003e59772-4\u003c/a\u003e\u003c/td\u003e\u003ctd\u003ePlanned procedure Narrative\u003c/td\u003e\u003c/tr\u003e\u003ctr\u003e\u003ctd\u003e\u003ca href\u003d\"https://loinc.org/59773-2/\"\u003e59773-2\u003c/a\u003e\u003c/td\u003e\u003ctd\u003eProcedure specimens taken Narrative\u003c/td\u003e\u003c/tr\u003e\u003ctr\u003e\u003ctd\u003e\u003ca href\u003d\"https://loinc.org/59775-7/\"\u003e59775-7\u003c/a\u003e\u003c/td\u003e\u003ctd\u003eProcedure disposition Narrative\u003c/td\u003e\u003c/tr\u003e\u003ctr\u003e\u003ctd\u003e\u003ca href\u003d\"https://loinc.org/59776-5/\"\u003e59776-5\u003c/a\u003e\u003c/td\u003e\u003ctd\u003eProcedure findings Narrative\u003c/td\u003e\u003c/tr\u003e\u003ctr\u003e\u003ctd\u003e\u003ca href\u003d\"https://loinc.org/61149-1/\"\u003e61149-1\u003c/a\u003e\u003c/td\u003e\u003ctd\u003eObjective Narrative\u003c/td\u003e\u003c/tr\u003e\u003ctr\u003e\u003ctd\u003e\u003ca href\u003d\"https://loinc.org/61150-9/\"\u003e61150-9\u003c/a\u003e\u003c/td\u003e\u003ctd\u003eSubjective Narrative\u003c/td\u003e\u003c/tr\u003e\u003ctr\u003e\u003ctd\u003e\u003ca href\u003d\"https://loinc.org/61150-9/\"\u003e61150-9\u003c/a\u003e\u003c/td\u003e\u003ctd\u003eSubjective Narrative\u003c/td\u003e\u003c/tr\u003e\u003ctr\u003e\u003ctd\u003e\u003ca href\u003d\"https://loinc.org/69730-0/\"\u003e69730-0\u003c/a\u003e\u003c/td\u003e\u003ctd\u003eInstructions\u003c/td\u003e\u003c/tr\u003e\u003ctr\u003e\u003ctd\u003e\u003ca href\u003d\"https://loinc.org/8648-8/\"\u003e8648-8\u003c/a\u003e\u003c/td\u003e\u003ctd\u003eHospital course Narrative\u003c/td\u003e\u003c/tr\u003e\u003ctr\u003e\u003ctd\u003e\u003ca href\u003d\"https://loinc.org/8653-8/\"\u003e8653-8\u003c/a\u003e\u003c/td\u003e\u003ctd\u003eHospital Discharge instructions\u003c/td\u003e\u003c/tr\u003e\u003ctr\u003e\u003ctd\u003e\u003ca href\u003d\"https://loinc.org/8716-3/\"\u003e8716-3\u003c/a\u003e\u003c/td\u003e\u003ctd\u003eVital signs\u003c/td\u003e\u003c/tr\u003e\u003c/table\u003e\u003c/li\u003e\u003c/ul\u003e\u003c/div\u003e"
  },
  "extension": [
    {
      "url": "http://hl7.org/fhir/StructureDefinition/structuredefinition-wg",
      "valueCode": "sd"
    },
    {
      "url": "http://hl7.org/fhir/StructureDefinition/structuredefinition-standards-status",
      "valueCode": "draft"
    },
    {
      "url": "http://hl7.org/fhir/StructureDefinition/structuredefinition-fmm",
      "valueInteger": 1
    }
  ],
  "url": "http://hl7.org/fhir/ValueSet/doc-section-codes",
  "identifier": [
    {
      "system": "urn:ietf:rfc:3986",
      "value": "urn:oid:2.16.840.1.113883.4.642.3.237"
    },
    {
      "use": "old",
      "system": "urn:ietf:rfc:3986",
      "value": "urn:oid:2.16.840.1.113883.4.642.3.232"
    },
    {
      "use": "old",
      "system": "urn:ietf:rfc:3986",
      "value": "urn:oid:2.16.840.1.113883.4.642.2.119"
    }
  ],
  "version": "5.0.0",
  "name": "DocumentSectionCodes",
  "title": "Document Section Codes",
  "status": "draft",
  "experimental": true,
  "publisher": "HL7",
  "contact": [
    {
      "telecom": [
        {
          "system": "url",
          "value": "http://hl7.org"
        }
      ]
    }
  ],
  "description": "Document section codes (LOINC codes used in CCDA sections).",
  "jurisdiction": [
    {
      "coding": [
        {
          "system": "http://unstats.un.org/unsd/methods/m49/m49.htm",
          "code": "001",
          "display": "World"
        }
      ]
    }
  ],
  "copyright": "This content from LOINC® is copyright © 1995 Regenstrief Institute, Inc. and the LOINC Committee, and available at no cost under the license at http://loinc.org/terms-of-use.",
  "compose": {
    "include": [
      {
        "system": "http://loinc.org",
        "concept": [
          {
            "code": "10154-3"
          },
          {
            "code": "10157-6"
          },
          {
            "code": "10160-0"
          },
          {
            "code": "10164-2"
          },
          {
            "code": "10183-2"
          },
          {
            "code": "10184-0"
          },
          {
            "code": "10187-3"
          },
          {
            "code": "10210-3"
          },
          {
            "code": "10216-0"
          },
          {
            "code": "10218-6"
          },
          {
            "code": "10218-6"
          },
          {
            "code": "10223-6"
          },
          {
            "code": "10222-8"
          },
          {
            "code": "11329-0"
          },
          {
            "code": "11348-0"
          },
          {
            "code": "11369-6"
          },
          {
            "code": "57852-6"
          },
          {
            "code": "11493-4"
          },
          {
            "code": "11535-2"
          },
          {
            "code": "11537-8"
          },
          {
            "code": "18776-5"
          },
          {
            "code": "18841-7"
          },
          {
            "code": "29299-5"
          },
          {
            "code": "29545-1"
          },
          {
            "code": "29549-3"
          },
          {
            "code": "29554-3"
          },
          {
            "code": "29762-2"
          },
          {
            "code": "30954-2"
          },
          {
            "code": "42344-2"
          },
          {
            "code": "42346-7"
          },
          {
            "code": "42348-3"
          },
          {
            "code": "42349-1"
          },
          {
            "code": "46240-8"
          },
          {
            "code": "46241-6"
          },
          {
            "code": "46264-8"
          },
          {
            "code": "47420-5"
          },
          {
            "code": "47519-4"
          },
          {
            "code": "48765-2"
          },
          {
            "code": "48768-6"
          },
          {
            "code": "51848-0"
          },
          {
            "code": "55109-3"
          },
          {
            "code": "55122-6"
          },
          {
            "code": "59768-2"
          },
          {
            "code": "59769-0"
          },
          {
            "code": "59770-8"
          },
          {
            "code": "59771-6"
          },
          {
            "code": "59772-4"
          },
          {
            "code": "59773-2"
          },
          {
            "code": "59775-7"
          },
          {
            "code": "59776-5"
          },
          {
            "code": "61149-1"
          },
          {
            "code": "61150-9"
          },
          {
            "code": "61150-9"
          },
          {
            "code": "69730-0"
          },
          {
            "code": "8648-8"
          },
          {
            "code": "8653-8"
          },
          {
            "code": "8716-3"
          }
        ]
      }
    ]
  }
}